Country Name,Region,Image URL,1990,1991,1992,1993,1994,1995,1996,1997,1998,1999,2000,2001,2002,2003,2004,2005,2006,2007,2008,2009,2010,2011,2012,2013,2014,2015,2016,2017,2018,2019
Aruba,Americas,https://www.countryflags.io/aw/flat/64.png,,,,,,,,,,,,,,,,,,,,,,,,,,,,,,
Afghanistan,Asia,https://www.countryflags.io/af/flat/64.png,4067386,4368434,4769369,5211646,5630619,5991817,6195789,6318137,6408475,6525062,6701390,7000745,7379318,7801160,8219904,8607338,8808552,8968064,9120654,9312008,9572580,10008297,10534726,11128394,11752833,12381396,12931832,13467695,13952821,14450224
Angola,Africa,https://www.countryflags.io/ao/flat/64.png,4846815,5000193,5159906,5331544,5504353,5686551,5868706,6064208,6272599,6494291,6728180,6958416,7206353,7464872,7737243,8022529,8308927,8611486,8932567,9272188,9623400,9968105,10327972,10700189,11084705,11481285,11882159,12295573,12728920,13183538
Albania,Europe,https://www.countryflags.io/al/flat/64.png,1422714,1444750,1437126,1412829,1389529,1360818,1355528,1371918,1365764,1354864,1350344,1337405,1337015,1318945,1300549,1281634,1266505,1250367,1234601,1226736,1225928,1271089,1322878,1244852,1268612,1322597,1321380,1323346,1322907,1324517
Andorra,Europe,https://www.countryflags.io/ad/flat/64.png,,,,,,,,,,,,,,,,,,,,,,,,,,,,,,
Argentina,Americas,https://www.countryflags.io/ar/flat/64.png,13330394,13696710,14089488,14426480,14767350,14979213,15312968,15687072,16002610,16209281,16446835,16634521,16689404,17037741,17396580,17549561,17862877,17891188,17922661,18280431,18285303,18620588,18831461,18988880,19062763,19403124,19726497,20049817,20252061,20434054
Armenia,Asia,https://www.countryflags.io/am/flat/64.png,1464013,1449791,1422553,1387777,1352833,1323039,1304929,1293934,1288701,1286416,1284759,1289577,1293996,1298206,1302805,1307908,1309974,1312689,1311477,1325019,1379810,1404032,1401167,1414215,1411723,1397974,1373650,1373669,1377615,1380405
American Samoa,Oceania,https://www.countryflags.io/as/flat/64.png,,,,,,,,,,,,,,,,,,,,,,,,,,,,,,
Antigua and Barbuda,Americas,https://www.countryflags.io/ag/flat/64.png,,,,,,,,,,,,,,,,,,,,,,,,,,,,,,
Australia,Oceania,https://www.countryflags.io/au/flat/64.png,8498097,8542393,8616504,8651067,8819953,9024746,9153227,9219945,9321167,9414985,9601187,9787771,9944764,10124793,10245145,10554464,10799387,10968068,11257823,11493325,11690165,11856658,12017116,12189841,12331873,12564482,12722249,12970157,13133575,13259130
Austria,Europe,https://www.countryflags.io/at/flat/64.png,3568280,3617487,3696441,3731731,3827586,3862031,3834266,3823947,3859067,3888031,3899049,3886923,3972924,3992277,3891230,4017205,4074387,4162676,4209387,4256745,4276558,4305310,4352701,4394285,4412800,4460833,4531193,4554443,4566467,4559603
Azerbaijan,Asia,https://www.countryflags.io/az/flat/64.png,2890976,2930262,3012168,3103368,3188251,3256151,3303611,3347118,3389239,3439577,3498495,3567682,3637708,3711398,3794531,3888448,3978806,4076917,4218516,4358559,4454609,4543115,4627612,4702911,4791218,4875732,4968676,5031821,5053891,5073024
Burundi,Africa,https://www.countryflags.io/bi/flat/64.png,2567437,2575130,2583877,2592258,2598991,2604576,2607438,2608184,2611711,2631858,2664792,2741755,2833699,2937987,3050685,3168049,3283826,3405210,3529298,3653174,3775353,3880018,3984639,4089954,4197943,4343792,4495933,4656180,4813420,4975477
Belgium,Europe,https://www.countryflags.io/be/flat/64.png,3948867,4037587,4076552,4100442,4163102,4194918,4197481,4218297,4255095,4367000,4411179,4307572,4350412,4381675,4465111,4616055,4634840,4722773,4766246,4788280,4887403,4867090,4902316,4957316,4983423,5000910,5005505,5037405,5047171,5061665
Benin,Africa,https://www.countryflags.io/bj/flat/64.png,1954174,2022257,2096810,2177716,2260590,2343986,2415916,2488738,2563039,2639937,2720193,2800140,2884087,2983550,3084631,3186622,3279879,3374022,3469776,3568160,3670008,3771584,3890087,4013738,4142799,4278146,4414790,4557230,4707182,4862455
Burkina Faso,Africa,https://www.countryflags.io/bf/flat/64.png,3864751,3962804,4043669,4129868,4221771,4318163,4403354,4496091,4594103,4695976,4801766,4896171,4996713,5101765,5211836,5325133,5428597,5544104,5662809,5783758,5906179,6017180,6131589,6246649,6360004,6577016,6797711,7025813,7245623,7474581
Bangladesh,Asia,https://www.countryflags.io/bd/flat/64.png,33853862,34873571,35942152,37063173,38244911,39492646,40694438,41961434,43277574,44623760,45978639,47215341,48477649,49740655,50975791,52170458,53138319,54088277,55017751,55953304,56913121,57984754,59070862,60172814,61288304,62410194,63517246,67280704,68501955,69706733
Bulgaria,Europe,https://www.countryflags.io/bg/flat/64.png,4026264,3994505,3968750,3900246,3848498,3788937,3728425,3661235,3587935,3513877,3437093,3508802,3419547,3350024,3392332,3333125,3439759,3513573,3576821,3501419,3416758,3332867,3342303,3367754,3360446,3333925,3264697,3357402,3320506,3283797
Bahrain,Asia,https://www.countryflags.io/bh/flat/64.png,217020,222200,229879,238525,247930,257703,264010,271342,280117,291226,305448,325858,349795,378724,413255,453393,501662,556603,614105,668219,714127,727008,739761,747580,758571,777895,816049,867333,923068,977302
"Bahamas, The",Americas,https://www.countryflags.io/bs/flat/64.png,124616,129302,133534,137445,141295,144446,146759,149273,152088,154982,157722,161271,164823,168192,171643,175263,179345,183314,187137,190885,194842,198338,202053,205680,209180,212429,216053,219446,222870,225780
Bosnia and Herzegovina,Europe,https://www.countryflags.io/ba/flat/64.png,1762869,1729557,1676076,1612440,1552034,1503340,1477066,1464672,1462418,1465158,1469392,1473389,1480700,1489787,1498948,1514351,1520108,1522139,1520460,1514963,1504624,1479181,1449708,1418233,1385883,1358550,1345973,1339640,1326208,1314959
Belarus,Europe,https://www.countryflags.io/by/flat/64.png,4694075,4681580,4687323,4702477,4713302,4722404,4733806,4734592,4740070,4757910,4802875,4839506,4873484,4905393,4935719,4963330,4980209,5005755,5034919,5065693,5090057,5097389,5102397,5105908,5107195,5107304,5097622,5061337,5021621,4975430
Belize,Americas,https://www.countryflags.io/bz/flat/64.png,61976,63495,64812,66048,67471,69721,72890,76796,81027,85315,89507,93664,97803,101995,106356,110924,116376,121980,127726,133604,139593,146206,152920,156282,159588,162801,168502,173834,179356,184610
Bermuda,Americas,https://www.countryflags.io/bm/flat/64.png,,,,,,,,,,,,,,,,,,,,,,,,,,,,,,
Bolivia,Americas,https://www.countryflags.io/bo/flat/64.png,2834036,2912053,2983886,3068734,3157752,3248856,3336677,3429398,3514452,3599869,3688209,3796760,3908814,4024076,4141943,4262106,4381999,4409892,4534295,4637977,4738094,4835531,4743496,4875725,5125444,4926137,5298192,5202337,5312765,5423333
Brazil,Americas,https://www.countryflags.io/br/flat/64.png,60074663,61924698,63769094,65640106,67582745,69610036,69732948,72173319,74140590,76565679,78573635,80498221,83053192,84745847,87309369,89784647,90880684,92033856,93563450,95421720,95327604,95145394,97696472,98990091,100015727,101678651,102586090,104335581,105369207,106328664
Barbados,Americas,https://www.countryflags.io/bb/flat/64.png,136800,135341,138012,140140,142013,144374,143724,144616,145267,145770,146139,147418,148530,149543,151838,152587,153120,153618,154004,154194,153986,154656,152990,155327,151268,153116,155479,155443,155283,154988
Brunei Darussalam,Asia,https://www.countryflags.io/bn/flat/64.png,110093,113791,117893,122232,126834,131711,136036,140753,145884,151348,157020,160946,164666,168615,172691,176779,179292,181938,184784,187853,191117,194815,198105,201135,204133,207194,209610,212370,215104,218000
Bhutan,Asia,https://www.countryflags.io/bt/flat/64.png,202345,202434,201498,200239,199504,199956,204116,210077,217525,226053,235345,246443,258480,271070,283729,296022,305494,314335,322720,331001,329449,328221,324085,334462,333203,352074,360030,367429,374999,381742
Botswana,Africa,https://www.countryflags.io/bw/flat/64.png,430556,448039,464971,481787,499297,517912,535285,553963,574272,585103,594306,618236,641818,665604,690395,716616,744043,762747,781840,799598,778875,847058,905427,956816,970975,989283,1012912,1040838,1073634,1107235
Central African Republic,Africa,https://www.countryflags.io/cf/flat/64.png,1152638,1180836,1214389,1250980,1289071,1327512,1361540,1394759,1428428,1463172,1499802,1528781,1558774,1590631,1621860,1654183,1681556,1709418,1736369,1760243,1779784,1782076,1779066,1780067,1778109,1781336,1804604,1834990,1874324,1919063
Canada,Americas,https://www.countryflags.io/ca/flat/64.png,14664795,14739476,14714434,14801332,14931908,15027273,15164075,15404125,15650715,15934997,16190364,16458983,16942435,17343225,17553022,17695801,17910447,18272226,18570589,18704165,18907651,19050382,19236859,19460672,19543179,19658329,19858454,20122342,20337723,20440340
Switzerland,Europe,https://www.countryflags.io/ch/flat/64.png,3812103,3856854,3886031,3909444,3880531,3888520,3930804,3930733,3975473,3998035,3996648,4054062,4092399,4139871,4147729,4171752,4236114,4307584,4409724,4479809,4449637,4538900,4596866,4655858,4742379,4813755,4889545,4919328,4946705,4971981
Chile,Americas,https://www.countryflags.io/cl/flat/64.png,5099786,5229691,5378308,5511443,5638161,5781391,5918467,6055550,6176561,6275428,6315826,6346098,6412943,6594985,6804392,7004262,7225386,7442378,7769315,7888523,8077538,8358976,8465898,8594874,8746109,8887450,9018217,9212780,9383017,9533046
China,Asia,https://www.countryflags.io/cn/flat/64.png,641482846,649931318,660592692,672295634,683113470,691808351,704216903,712315453,718070870,724569908,733292392,737279754,743494680,750772785,757166810,761944037,766055387,768928092,770730704,771783104,772249983,775331931,778628797,781449430,783840531,785372420,786329395,787399317,785974695,783194000
Cote d'Ivoire,Africa,https://www.countryflags.io/ci/flat/64.png,4400902,4563062,4736409,4918838,5106918,5294553,5459725,5631812,5803906,5943002,6076882,6163182,6243168,6320071,6398410,6482355,6573424,6673682,6781925,6896351,7015903,7144288,7277679,7417235,7564987,7721656,7874546,8104984,8340270,8583001
Cameroon,Africa,https://www.countryflags.io/cm/flat/64.png,5218676,5369053,5526261,5692283,5862426,6039951,6212271,6392646,6582131,6780538,6987754,7189266,7399071,7617419,7844705,8084403,8319250,8566881,8627867,8672064,8697713,8958636,9229022,9508480,9798076,10098411,10403970,10721518,11032181,11354044
"Congo, Dem. Rep.",Africa,https://www.countryflags.io/cd/flat/64.png,13499246,13992372,14545520,15131905,15693740,16221766,16651304,17062139,17462631,17895550,18380356,18874767,19413621,19995508,20613885,21266406,21594548,21945077,22309872,22680758,23053225,23378057,23709989,24484734,25294313,26148678,27015713,27920339,28791023,29699289
"Congo, Rep.",Africa,https://www.countryflags.io/cg/flat/64.png,883256,911044,940425,971898,1005557,1039185,1073554,1110458,1148306,1188795,1228914,1268123,1308687,1352094,1397964,1446308,1499827,1558622,1617727,1676225,1732693,1778310,1821561,1863940,1906292,1952043,2004097,2057240,2114590,2173950
Colombia,Americas,https://www.countryflags.io/co/flat/64.png,14182279,14556755,14961437,15332890,15764852,16208632,16604473,17052042,17473879,17813941,18289974,18745678,19157655,19727002,19736811,19953131,20084791,20223099,20796857,22074776,22773495,23417456,24127185,24392594,24825646,25400322,25765419,26176012,26730894,27249183
Comoros,Africa,https://www.countryflags.io/km/flat/64.png,92545,95596,98379,101498,105049,108421,111986,115461,119174,123006,126650,130526,134577,138816,143256,147847,152442,157358,162521,167817,173315,178769,184448,190298,196422,202781,208939,215329,221826,228643
Cabo Verde,Africa,https://www.countryflags.io/cv/flat/64.png,112200,115623,119524,123792,128289,132915,137142,141530,146046,150655,155383,161237,166962,172750,178848,185374,192389,199807,207393,214741,221610,228262,234452,240240,245821,251329,256669,262073,267616,273097
Costa Rica,Americas,https://www.countryflags.io/cr/flat/64.png,1173811,1202460,1219909,1273854,1323430,1388284,1385680,1484128,1569913,1607890,1621632,1729875,1767485,1816488,1829853,1943549,1979005,2050234,2083034,2105467,2133302,2120814,2290235,2311782,2336641,2330994,2265659,2329674,2362000,2392432
Cuba,Americas,https://www.countryflags.io/cu/flat/64.png,4107182,4180197,4250698,4314090,4368865,4412921,4461916,4487495,4506115,4522338,4553443,4580094,4621627,4667526,4708146,4803671,4882704,4986263,5038221,5149646,5126208,5130305,5124682,5127562,5127817,5122827,5106031,5092163,5094326,5088527
Curacao,Americas,https://www.countryflags.io/cw/flat/64.png,,,,,,,,,,,,,,,,,,,,,,,,,,,,,,
Cayman Islands,Americas,https://www.countryflags.io/ky/flat/64.png,,,,,,,,,,,,,,,,,,,,,,,,,,,,,,
Cyprus,Asia,https://www.countryflags.io/cy/flat/64.png,342048,352192,360034,369464,381309,388867,399782,412289,421193,432227,445177,465339,475442,494573,509248,518098,531589,546825,557600,570796,585666,585593,589090,593752,604603,604302,603072,611083,615252,618970
Czech Republic,Europe,https://www.countryflags.io/cz/flat/64.png,4944650,4979810,5024964,5079383,5138591,5158888,5156836,5134548,5155906,5184073,5153252,5132252,5133850,5128047,5125017,5180451,5186176,5185801,5205012,5249648,5241405,5232722,5270072,5323403,5324486,5337336,5388390,5418917,5403502,5376592
Germany,Europe,https://www.countryflags.io/de/flat/64.png,38891771,40048665,39895974,39672241,39930264,39804277,39825675,40051530,40082472,40297288,40257417,40339408,40456694,40660184,40562739,41261131,41608937,41887302,41891877,41952677,42014274,41674901,41767969,42161170,42415215,42731868,43182140,43394167,43422774,43228550
Djibouti,Africa,https://www.countryflags.io/dj/flat/64.png,202882,208361,212253,215614,219000,223356,230467,238388,246963,255961,265188,272395,279694,287040,294347,301860,311653,321640,331896,342421,353041,362017,371043,380111,389316,398741,407041,415991,425274,434194
Dominica,Americas,https://www.countryflags.io/dm/flat/64.png,,,,,,,,,,,,,,,,,,,,,,,,,,,,,,
Denmark,Europe,https://www.countryflags.io/dk/flat/64.png,2871357,2874889,2877186,2858414,2780846,2825968,2836607,2857119,2845775,2878840,2863199,2854562,2890555,2870393,2898633,2900837,2931221,2930742,2962829,2952581,2929914,2928270,2911831,2894622,2907019,2931334,3024376,2985838,3000174,3009405
Dominican Republic,Americas,https://www.countryflags.io/do/flat/64.png,2442928,2505001,2573928,2639987,2702184,2768011,2836299,2907450,2979005,3050351,3120254,3189448,3261543,3325994,3393443,3473100,3620387,3675577,3773653,3703605,3877006,4098479,4169063,4261776,4361732,4650575,4749233,4825024,4901539,4976724
Algeria,Africa,https://www.countryflags.io/dz/flat/64.png,6446601,6713641,6961416,7252541,7542465,7797280,8046712,8249066,8457585,8668123,8878121,9104651,9324677,9542737,9762793,9984928,10197598,10404063,10605962,10806943,11082664,11302087,11541337,12009870,11592454,11743322,11899694,12047901,12187913,12316707
Ecuador,Americas,https://www.countryflags.io/ec/flat/64.png,4069528,4204367,4335107,4468007,4611673,4749027,4882468,5025321,5349958,5458434,5565930,5664476,5763114,5861298,6207245,6293995,6566016,6575991,6740338,6698815,6735475,6801746,7013110,7093272,7220810,7655411,8055089,8318371,8498401,8671801
"Egypt, Arab Rep.",Africa,https://www.countryflags.io/eg/flat/64.png,15492081,15889462,16271788,16706025,17502692,17530263,17840967,18127219,18406585,19563733,20039432,20375664,20737159,21577985,22427266,23260715,24059420,25187970,25681846,26597438,27451530,27920005,28742502,29628188,30228330,29805572,30158022,30662031,31324555,31964260
Eritrea,Africa,https://www.countryflags.io/er/flat/64.png,1004147,992681,973899,950320,926650,907765,910667,918487,933436,957139,990498,1055620,1130929,1212655,1294099,1369829,1415990,1455105,1488322,1513863,1534530,1540692,,,,,,,,
Spain,Europe,https://www.countryflags.io/es/flat/64.png,15594956,15743106,15886715,16114031,16427376,16542642,16821539,17147757,17425032,17751597,18268078,18201770,19049369,19826129,20499004,21270027,21900010,22457695,23070472,23331133,23527392,23558817,23565348,23360853,23142240,23057305,23019668,22924651,22863498,22734390
Estonia,Europe,https://www.countryflags.io/ee/flat/64.png,773798,766873,751458,732091,716836,704354,693954,695454,680740,673734,679299,669058,654674,677787,678266,673822,693423,692034,697842,690493,683966,687779,684647,680849,676013,686173,694637,702172,700051,693759
Ethiopia,Africa,https://www.countryflags.io/et/flat/64.png,20059113,20723703,21446977,22194745,22975144,23906684,24770301,25649670,26551816,27491421,28477750,29395453,30373029,31395901,32451819,33545918,34545977,35599211,36722354,37930183,39223764,40640968,42129451,43679655,45284227,46919914,48523830,50161105,51941541,53746763
Finland,Europe,https://www.countryflags.io/fi/flat/64.png,2622943,2581454,2536684,2514611,2494493,2475034,2457487,2503861,2522361,2566222,2586033,2608203,2623438,2620846,2611700,2627895,2661118,2690488,2718689,2689527,2679149,2691928,2698375,2683520,2687026,2694926,2688372,2709668,2708549,2711153
Fiji,Oceania,https://www.countryflags.io/fj/flat/64.png,269084,273672,277403,282543,287547,293129,296235,298197,300030,301366,302207,307433,311771,315781,320133,325095,333754,343713,354448,365120,375053,382376,375486,367337,358529,354210,352443,353751,356596,359713
France,Europe,https://www.countryflags.io/fr/flat/64.png,25940244,25921654,26119912,26235192,26302715,26439012,26758907,26726735,26902450,27218527,27436873,27511524,27855198,28422203,28622463,28917082,29061157,29298628,29502880,29739196,29836117,29828496,30059730,30193260,30131595,30218801,30293589,30254322,30259162,30316795
Faroe Islands,Europe,https://www.countryflags.io/fo/flat/64.png,,,,,,,,,,,,,,,,,,,,,,,,,,,,,,
"Micronesia, Fed. Sts.",Oceania,https://www.countryflags.io/fm/flat/64.png,,,,,,,,,,,,,,,,,,,,,,,,,,,,,,
Gabon,Africa,https://www.countryflags.io/ga/flat/64.png,252356,257723,264245,270696,277645,284994,292819,301114,310191,320989,331645,342282,353939,366324,380063,394914,413148,431893,453418,476369,500221,525130,552275,580415,608732,636424,656982,676650,695204,713404
UK,Europe,https://www.countryflags.io/gb/flat/64.png,29039203,28909333,28743734,28506268,28447894,28417871,28517133,28693192,28761915,29051272,29296964,29261119,29589057,29868944,30142912,30590477,31038497,31243999,31655559,31836229,32020789,32202953,32549885,32854709,33145552,33419732,33704852,33903025,34109218,34280575
Georgia,Asia,https://www.countryflags.io/ge/flat/64.png,2392172,2428865,2472499,2524692,2527888,2449858,2342682,2253862,2199226,2154741,2050201,2102132,2025598,2062455,2016350,2002620,2000597,1999505,2002094,1991863,2014694,2029802,2049231,2021256,2030083,2056357,2031649,2023442,2021841,2011755
Ghana,Africa,https://www.countryflags.io/gh/flat/64.png,6188137,6379921,6583249,6793306,7007352,7221428,7426747,7630943,7837705,8054118,8284390,8453808,8636956,8831695,9033827,9240769,9457839,9703567,9951020,10199488,10446959,10679488,10909687,11138294,11366810,11596476,11909682,12227421,12535169,12844477
Gibraltar,Europe,https://www.countryflags.io/gi/flat/64.png,,,,,,,,,,,,,,,,,,,,,,,,,,,,,,
Guinea,Africa,https://www.countryflags.io/gn/flat/64.png,2298155,2351498,2406237,2462260,2520862,2581398,2637128,2696221,2758177,2820980,2884722,2932809,2981302,3034785,3092872,3157264,3228072,3303291,3385413,3475073,3564383,3653657,3746343,3845800,3953081,4069508,4203096,4346259,4502810,4665340
"Gambia, The",Africa,https://www.countryflags.io/gm/flat/64.png,308661,318139,326730,334710,343242,352169,360132,368903,378594,389428,401575,416011,431629,448330,465960,484422,502456,521384,541179,561750,582971,603327,624574,645099,666666,688502,710021,732005,756135,781558
Guinea-Bissau,Africa,https://www.countryflags.io/gw/flat/64.png,381250,389261,397785,406753,416293,426384,434023,442536,452915,462883,473361,485453,498520,512384,526971,542200,557027,572725,589267,606633,624749,642638,662068,682109,702892,723893,744667,766089,788434,811397
Equatorial Guinea,Africa,https://www.countryflags.io/gq/flat/64.png,140904,145527,150273,155405,161219,167819,174460,182262,191155,200976,211594,221380,232414,244728,258313,273087,287106,302837,320235,339087,359076,375779,394037,413863,435085,457386,473583,491467,511285,532913
Greece,Europe,https://www.countryflags.io/gr/flat/64.png,4204393,4171854,4290595,4329049,4437114,4530131,4627651,4654407,4787045,4862414,4896618,4838734,4891480,4939233,5028364,5025650,5062933,5063057,5070672,5121989,5139750,5077237,5035589,4982118,4923992,4908187,4906071,4898337,4867553,4834237
Grenada,Americas,https://www.countryflags.io/gd/flat/64.png,,,,,,,,,,,,,,,,,,,,,,,,,,,,,,
Greenland,Americas,https://www.countryflags.io/gl/flat/64.png,,,,,,,,,,,,,,,,,,,,,,,,,,,,,,
Guatemala,Americas,https://www.countryflags.io/gt/flat/64.png,3113748,3197297,3280593,3363884,3452484,3549187,3640386,3743098,3854109,3966138,4078614,4203609,4331842,4461078,4600436,4725239,4857708,4999569,5148311,5299869,5452475,5615983,6248390,5973141,6210831,6366233,6625156,6841045,7043698,7246495
Guam,Oceania,https://www.countryflags.io/gu/flat/64.png,65484,66860,68152,69363,70423,71409,72272,73124,73862,74644,75253,75582,75757,75869,75949,76054,76179,76321,76565,76889,77086,77370,77769,78056,78428,78931,79544,80270,81131,82023
Guyana,Americas,https://www.countryflags.io/gy/flat/64.png,282298,284776,287574,290181,288953,287064,285753,283979,281544,278359,274661,271376,267688,266027,265495,265321,269143,273413,277267,281120,284847,289669,294836,300126,305207,309907,313805,317602,321217,324943
"Hong Kong SAR, China",Asia,https://www.countryflags.io/hk/flat/64.png,2870709,2921588,2916366,2952932,3022908,3103113,3235898,3264521,3306564,3350995,3393260,3440456,3496947,3489909,3532663,3553436,3596289,3651937,3664616,3682931,3656908,3722786,3806789,3880430,3899867,3933895,3950024,3960052,3955888,3946772
Honduras,Americas,https://www.countryflags.io/hn/flat/64.png,1769998,1832482,1899356,1969716,2036750,2111774,2189746,2272478,2356453,2438377,2483193,2523624,2597419,2674074,2751661,2829332,2851793,2897884,3025817,3177629,3340273,3330792,3386868,3655902,3851879,3967871,4035355,4159295,4267576,4376463
Croatia,Europe,https://www.countryflags.io/hr/flat/64.png,2218247,2174107,2109870,2109187,2120067,2091901,2055109,2035576,2024512,2007456,1981847,1898898,1872721,1884546,1935313,1935849,1921682,1936563,1940990,1937359,1913390,1878380,1859835,1841460,1895430,1899999,1839114,1831037,1806951,1790161
Haiti,Americas,https://www.countryflags.io/ht/flat/64.png,2692553,2739290,2783072,2826433,2872796,2923541,2974636,3029549,3087484,3146856,3207157,3292149,3380781,3472631,3567584,3665512,3762498,3862363,3961823,4065683,4162714,4271947,4380820,4492696,4603648,4712689,4821507,4929887,5040560,5151007
Hungary,Europe,https://www.countryflags.io/hu/flat/64.png,4509387,4514298,4530088,4385693,4256611,4182846,4079619,4011290,4065979,4139219,4160523,4147356,4150182,4221421,4202095,4273380,4304683,4287249,4258722,4258571,4299585,4316140,4369165,4401845,4526213,4615634,4685202,4714768,4694817,4669760
Indonesia,Asia,https://www.countryflags.io/id/flat/64.png,72957661,75992436,79044362,81252835,83511901,85843561,88132004,90509645,93914436,97235541,98569084,98970132,98792409,99692187,101653635,101395729,103395358,108776342,111067180,112743612,115291524,117623211,120616762,121556116,123295987,124899081,126258452,129910266,131962824,133950010
Isle of Man,Europe,https://www.countryflags.io/im/flat/64.png,,,,,,,,,,,,,,,,,,,,,,,,,,,,,,
India,Asia,https://www.countryflags.io/in/flat/64.png,317682476,325025127,332692256,340758079,349350954,357002475,364438601,372138548,380076547,388214321,396512424,406948124,417726506,428791387,440082586,451555845,453694481,455807544,457869614,459908336,461934938,462578948,463448734,472354936,481086348,489465316,497650374,505288647,512348470,519469299
Ireland,Europe,https://www.countryflags.io/ie/flat/64.png,1431989,1460520,1448257,1484021,1520097,1545615,1593533,1643019,1730519,1807917,1868635,1906136,1951073,1995432,2045018,2159359,2242079,2325549,2347538,2309739,2275238,2252018,2243093,2260189,2261883,2275851,2312400,2331966,2345526,2357431
"Iran, Islamic Rep.",Asia,https://www.countryflags.io/ir/flat/64.png,14213818,14441747,14748488,15049366,15352952,15666118,16054064,16728123,17448684,18240325,19110969,20051740,21050579,22089672,23139237,24182880,24203091,24196831,23479958,24168645,24180633,24306748,24419415,24515787,24589751,25569719,26797189,27035450,27212758,27358987
Iraq,Asia,https://www.countryflags.io/iq/flat/64.png,3988311,4119462,4247970,4414798,4586265,4757063,4948532,5129174,5308593,5493432,5684232,5867745,6059696,6252245,6435474,6604869,6732572,6845242,6969053,7120632,7314854,7630314,7989930,8360389,8800609,9181407,9405990,9770174,10075714,10378577
Iceland,Europe,https://www.countryflags.io/is/flat/64.png,142030,143965,147806,147898,149444,155103,153711,153679,158874,164020,169237,171637,171169,172123,173090,174963,181727,187329,189969,187696,188675,187894,189220,193203,198702,203034,208234,210537,216339,217371
Israel,Asia,https://www.countryflags.io/il/flat/64.png,1889662,2024654,2125448,2246501,2349147,2434951,2480559,2531348,2581907,2669329,2768836,2835342,2860970,2931693,3011178,3085680,3170924,3261624,3326856,3411377,3495215,3543445,3642399,3715048,3806769,3876919,3955896,4025019,4101298,4162440
Italy,Europe,https://www.countryflags.io/it/flat/64.png,23916316,24090976,23333037,23199041,23005772,22870150,22972735,23011478,23160681,23303539,23335098,23454084,23711230,24017191,24546166,24380933,24416481,24393494,24710080,24496302,24432021,24418799,24940520,25045316,25404369,25344344,25585208,25730306,25616738,25507457
Jamaica,Americas,https://www.countryflags.io/jm/flat/64.png,1081570,1101566,1122006,1142050,1162151,1168910,1174864,1178379,1178903,1190196,1199964,1210051,1219647,1228548,1241658,1253714,1268277,1282357,1296648,1311664,1327196,1341283,1355080,1387685,1408702,1426500,1461795,1484778,1500953,1514936
Jordan,Asia,https://www.countryflags.io/jo/flat/64.png,778311,852791,917080,998806,1079071,1152384,1192315,1223636,1250533,1275108,1299889,1327717,1346742,1361765,1405032,1456030,1508182,1632496,1704321,1831628,1900527,1979109,2052427,2114287,2226330,2332110,2425727,2506983,2572588,2631115
Japan,Asia,https://www.countryflags.io/jp/flat/64.png,63876487,65018302,65854461,66178812,66492824,66838892,67372483,67978212,68042234,67828257,67652881,67601019,67173003,67065336,66725257,66732912,66802058,67143470,67099689,66914282,66662035,66043052,65639408,65970039,66176723,66364640,66858484,67304969,67086929,66800645
Kazakhstan,Asia,https://www.countryflags.io/kz/flat/64.png,7969876,8043799,8069214,8073453,8031395,7951638,7875020,7785776,7695895,7657629,7654257,7674637,7714001,7762020,7805363,7949603,8081971,8226273,8380149,8569793,8717859,8805942,8891912,8972599,9063666,9119482,9184068,9224403,9256772,9262539
Kenya,Africa,https://www.countryflags.io/ke/flat/64.png,8748266,9094971,9467047,9856281,10252849,10651516,11026181,11394610,11761315,12147401,12386824,12566726,12762444,12959666,13139014,13292856,13751770,14218327,14705695,15205213,15716371,16248095,16808703,17388330,17984675,18592915,19221464,19864853,20518673,21190309
Kyrgyz Republic,Asia,https://www.countryflags.io/kg/flat/64.png,1698760,1731737,1767453,1787308,1812923,1842178,1877571,1911694,1956876,2003982,2048836,2088511,2136633,2174683,2218702,2311441,2381546,2396311,2404631,2410853,2447385,2489342,2496793,2476904,2507654,2546670,2550368,2591548,2630690,2654625
Cambodia,Asia,https://www.countryflags.io/kh/flat/64.png,4004290,4125205,4231980,4338136,4455040,4600214,4743344,4943130,5172725,5422148,5580532,6162396,6337308,6464982,6547067,6809224,7084528,7359866,7636464,7895343,8148383,8248889,8351810,8450213,8535549,8604212,8762821,8909253,9069699,9230114
Kiribati,Oceania,https://www.countryflags.io/ki/flat/64.png,,,,,,,,,,,,,,,,,,,,,,,,,,,,,,
St. Kitts and Nevis,Americas,https://www.countryflags.io/kn/flat/64.png,,,,,,,,,,,,,,,,,,,,,,,,,,,,,,
"Korea, Rep.",Asia,https://www.countryflags.io/kr/flat/64.png,19182453,19697871,20089964,20351661,20905219,21398482,21799951,22335733,22027371,22327670,22812969,23182765,23638557,23662545,24117234,24279594,24520874,24773034,24924804,24925540,25258956,25667890,26054644,26383615,27128826,27472977,27772753,28107821,28295132,28445506
Kuwait,Asia,https://www.countryflags.io/kw/flat/64.png,894902,888764,,,,775335,788374,832833,896423,965310,1020899,1052835,1078281,1095304,1125880,1172159,1234049,1313335,1410475,1530718,1656575,1772407,1897644,2029964,2155253,2266285,2314951,2362084,2399511,2435421
Lao PDR,Asia,https://www.countryflags.io/la/flat/64.png,1927861,1977504,2027944,2079082,2129040,2180612,2223193,2268486,2315866,2364467,2414252,2469926,2524484,2580333,2640303,2705434,2780509,2858721,2938999,3019891,3100594,3180619,3261845,3342488,3421068,3496650,3572050,3644998,3722297,3800051
Lebanon,Asia,https://www.countryflags.io/lb/flat/64.png,769223,817101,874777,934396,989157,1036985,1061506,1088048,1104132,1134707,1177285,1230633,1302128,1381629,1450836,1512170,1556795,1586725,1595698,1621416,1677013,1770160,1886041,2011408,2127176,2223586,2303970,2360044,2392232,2414944
Liberia,Africa,https://www.countryflags.io/lr/flat/64.png,637750,629991,627079,628407,637989,658206,696185,739864,798185,855137,901754,934113,956321,984040,1004511,1031421,1066418,1108486,1155629,1203999,1250462,1291722,1331262,1369720,1411593,1455340,1500022,1544340,1590973,1639258
Libya,Africa,https://www.countryflags.io/ly/flat/64.png,1188378,1228148,1279347,1334741,1388792,1449027,1498099,1547609,1597421,1649387,1703417,1761974,1824036,1880722,1942391,1997897,2048615,2096619,2143479,2188433,2223544,2316366,2276858,2324698,2380470,2403360,2442848,2461683,2507512,2553671
St. Lucia,Americas,https://www.countryflags.io/lc/flat/64.png,54644,56038,57220,58309,59378,60472,61707,63069,64539,66062,67611,69180,71071,73210,75576,77905,80473,82826,85113,86972,88564,90542,92192,93720,95094,96505,97698,98952,100078,100714
Liechtenstein,Europe,https://www.countryflags.io/li/flat/64.png,,,,,,,,,,,,,,,,,,,,,,,,,,,,,,
Sri Lanka,Asia,https://www.countryflags.io/lk/flat/64.png,7353927,7197081,7018310,7157604,7297784,7153546,7276802,7399338,7975851,7861810,7828927,7907705,7985681,8060162,8129521,8192167,8243828,8290945,8332859,8368830,8274081,8290182,8172944,8491768,8436982,8444292,8486042,8541773,8622275,8647906
Lesotho,Africa,https://www.countryflags.io/ls/flat/64.png,696260,718000,740768,764698,789006,813453,834742,855515,874869,891578,897608,899280,896685,891717,886569,882524,878045,876179,876345,877509,879133,879425,881034,884327,896497,910554,922866,936629,949865,963657
Lithuania,Europe,https://www.countryflags.io/lt/flat/64.png,1789609,1789696,1785784,1777187,1764872,1752358,1737752,1723396,1710316,1712659,1682389,1643904,1625857,1683861,1594105,1553567,1511814,1511376,1512398,1522430,1503825,1495237,1484350,1473135,1481170,1470309,1481863,1469107,1448634,1439700
Luxembourg,Europe,https://www.countryflags.io/lu/flat/64.png,160004,165593,170050,169988,171636,167621,171288,173829,176479,181745,188745,189068,194924,195020,201398,207421,213161,215951,220418,234332,237899,243419,255195,263192,273741,282750,282573,291431,297095,300538
Latvia,Europe,https://www.countryflags.io/lv/flat/64.png,1286535,1274215,1252251,1227485,1204456,1186315,1175732,1171893,1147245,1121001,1090112,1090855,1115201,1096895,1098382,1093788,1119663,1136020,1150490,1106585,1062925,1036632,1042482,1022502,1008598,1011483,1008819,1004754,987954,974318
"Macao SAR, China",Asia,https://www.countryflags.io/mo/flat/64.png,146842,151407,156970,160461,163951,172352,199346,201969,205459,210285,215668,225556,227502,231061,243967,258002,274836,295051,309276,320755,331683,342531,349799,359071,370766,376740,377784,382662,385832,388620
St. Martin (French part),Americas,https://www.countryflags.io/mf/flat/64.png,,,,,,,,,,,,,,,,,,,,,,,,,,,,,,
Morocco,Africa,https://www.countryflags.io/ma/flat/64.png,7552137,7728988,7972259,8199987,8336938,8630156,8752431,9019399,9210729,9456404,9681638,9871789,10008981,10291621,10518528,10670390,10789910,10960699,11109339,11317538,11518458,11717844,11755524,11849699,11833628,11807871,11770797,11731114,11894168,12047196
Monaco,Europe,https://www.countryflags.io/mc/flat/64.png,,,,,,,,,,,,,,,,,,,,,,,,,,,,,,
Moldova,Europe,https://www.countryflags.io/md/flat/64.png,1298089,1308666,1339236,1341678,1386680,1387670,1398266,1394996,1409937,1420842,1425904,1428567,1432279,1439381,1447646,1418023,1381744,1344620,1306054,1266185,1240936,1261623,1217668,1240558,1236236,1319935,1280111,1265356,1254712,1241377
Madagascar,Africa,https://www.countryflags.io/mg/flat/64.png,5459208,5624891,5800195,5985936,6181727,6385872,6585085,6795316,7015770,7245841,7485583,7719708,7972963,8232545,8503139,8782870,9135659,9495139,9863528,10244344,10638131,10958031,11286313,11611874,11931368,12238232,12630149,13030089,13464363,13910991
Maldives,Asia,https://www.countryflags.io/mv/flat/64.png,57939,59899,61969,64189,66582,69196,72643,76332,80389,85006,90314,96303,103186,110820,118916,127203,135033,143056,151569,161028,171741,184059,197863,212733,228124,238138,246737,257368,269280,278813
Mexico,Americas,https://www.countryflags.io/mx/flat/64.png,29853135,30767050,31941483,33181671,33960446,34703968,35614580,37340658,38113060,38499234,39253418,39738979,40701145,41177206,42962596,44110186,45588363,46671659,47503138,48482135,49344235,50371763,51893358,52652690,53057168,54088799,54926772,55695296,56635827,57558589
Marshall Islands,Oceania,https://www.countryflags.io/mh/flat/64.png,,,,,,,,,,,,,,,,,,,,,,,,,,,,,,
Mali,Africa,https://www.countryflags.io/ml/flat/64.png,3147600,3207072,3284863,3372325,3467141,3567552,3657721,3756432,3861901,3975316,4098124,4217140,4348683,4486960,4636646,4793276,4942062,5102251,5269862,5442277,5617794,5772115,5934614,6103485,6279936,6450183,6654954,6871789,7104719,7352212
Malta,Europe,https://www.countryflags.io/mt/flat/64.png,135632,139039,140095,142317,143865,144787,147146,149197,151448,153400,156744,159888,160795,161664,158865,161288,163576,167652,170025,172627,176498,180756,185305,192467,199944,206880,213472,220133,226825,226582
Myanmar,Asia,https://www.countryflags.io/mm/flat/64.png,19068155,19501560,19818946,20161111,20501548,20868975,21256810,21665898,22075559,22414794,22694133,22917875,23113509,23262312,23386681,23486251,23544248,23603812,23681843,23761599,23865872,24096402,24315407,24526744,24743173,24963522,24650711,24320649,24528533,24744320
Montenegro,Europe,https://www.countryflags.io/me/flat/64.png,239214,241238,242959,244319,245396,245999,245807,245459,244851,244685,244294,245171,246193,247300,247835,248285,248246,248173,248151,247871,247397,246219,248660,252028,255171,258154,258899,258805,257905,257387
Mongolia,Asia,https://www.countryflags.io/mn/flat/64.png,738309,762268,787341,808059,824596,838088,859122,877606,896444,917227,941925,965725,990526,1015430,1038069,1063124,1086734,1108306,1130429,1153072,1171426,1210171,1215786,1243123,1269010,1287029,1278620,1306675,1320851,1333084
Northern Mariana Islands,Oceania,https://www.countryflags.io/mp/flat/64.png,,,,,,,,,,,,,,,,,,,,,,,,,,,,,,
Mozambique,Africa,https://www.countryflags.io/mz/flat/64.png,5856315,6067544,6339532,6643263,6950529,7239694,7442299,7634777,7886887,8133962,8384985,8619204,8861765,9109747,9324931,9542141,9725968,9918608,10117907,10321950,10530335,10739629,10952140,11170781,11400608,11643166,12014293,12409390,12815186,13237524
Mauritania,Africa,https://www.countryflags.io/mr/flat/64.png,571185,586454,602547,618857,636989,653978,671932,691971,711983,732575,755985,772293,790128,808931,828452,848344,867605,888161,909550,931889,954911,977778,1001706,1035928,1071546,1109501,1145809,1183444,1220438,1258544
Mauritius,Africa,https://www.countryflags.io/mu/flat/64.png,447400,456506,465176,472379,480877,487653,491566,498411,505490,513708,519737,525785,529506,532252,534564,544400,547108,545361,551777,557200,569253,566463,573785,588505,595863,603765,600991,603062,605008,607812
Malawi,Africa,https://www.countryflags.io/mw/flat/64.png,4023740,4091276,4124625,4135552,4154671,4189122,4244381,4325386,4423987,4536649,4651890,4749505,4853988,4966749,5088479,5219611,5362998,5514833,5675633,5847731,6032434,6225023,6435768,6660240,6880667,7109712,7351397,7599890,7871450,8156049
Malaysia,Asia,https://www.countryflags.io/my/flat/64.png,7073130,7285365,7497813,7707508,7924944,8149282,8392720,8653824,8976800,9257649,9533588,9796208,10059223,10336204,10621458,10922365,11178427,11433194,11622770,11973658,12257276,12788348,13286030,13887410,14240932,14589349,14863891,15155884,15479066,15788572
Namibia,Africa,https://www.countryflags.io/na/flat/64.png,447346,462713,477846,493521,509139,517086,523725,531160,549199,567815,586985,603702,620459,637367,654353,671395,690351,708508,726407,744824,764105,782723,803135,859453,874027,884369,894834,915989,939625,963996
New Caledonia,Oceania,https://www.countryflags.io/nc/flat/64.png,74495,77407,80460,83656,86778,89333,91611,93609,95256,96985,98753,100887,103217,105524,107632,109635,111669,113193,114455,115565,116919,119184,122102,125124,128021,130755,133190,135315,137372,139264
Niger,Africa,https://www.countryflags.io/ne/flat/64.png,3273741,3377129,3494666,3621536,3756852,3900007,4033650,4176999,4326843,4485043,4649905,4796071,4955809,5125690,5305237,5492042,5665660,5855567,6058900,6280191,6514630,6749072,7000375,7272068,7560060,7865968,8169067,8492220,8836202,9198681
Nigeria,Africa,https://www.countryflags.io/ng/flat/64.png,29286947,30040723,30825405,31635860,32492025,33394658,34217680,35100936,36027324,37011197,37993680,38927763,39914966,40890770,41723316,42828205,43882211,45010413,46203876,47453585,48753690,50041195,51387354,52794893,54234993,55790869,57369993,59012447,60698492,62447234
Nicaragua,Americas,https://www.countryflags.io/ni/flat/64.png,1363140,1406390,1440776,1475140,1512713,1552410,1615519,1681033,1748463,1815283,1889627,1947234,2002881,2057312,2111902,2167272,2225631,2294832,2364333,2433185,2500867,2569644,2637810,2705098,2771241,2830837,2891711,2950949,3008832,3065732
Netherlands,Europe,https://www.countryflags.io/nl/flat/64.png,6911900,7020794,7112229,7184149,7304957,7373854,7471364,7667665,7810630,7963539,8159146,8307265,8443016,8482131,8539576,8579461,8646285,8796213,8933143,9029236,8865394,8849590,8961620,8987420,8966901,9034853,9051897,9111169,9160976,9181373
Norway,Europe,https://www.countryflags.io/no/flat/64.png,2147920,2135449,2142750,2144831,2170149,2214762,2267529,2328932,2374899,2380166,2404600,2415947,2438080,2408232,2422666,2431376,2465936,2523355,2598721,2598586,2607609,2626130,2670923,2697615,2722748,2762074,2769721,2762725,2781429,2809515
Nepal,Asia,https://www.countryflags.io/np/flat/64.png,9341929,9602319,9896276,10214265,10542812,10871650,11136512,11393254,11644257,11896871,12117333,12335364,12550861,12762312,12966470,13163939,13408632,13634405,13836152,14064836,14265000,14402283,14519708,14637052,14778109,14963260,15328121,15748874,16216418,16711782
Nauru,Oceania,https://www.countryflags.io/nr/flat/64.png,,,,,,,,,,,,,,,,,,,,,,,,,,,,,,
New Zealand,Oceania,https://www.countryflags.io/nz/flat/64.png,1621375,1702678,1709718,1728019,1773639,1816972,1868348,1888204,1894176,1909755,1928886,1966167,2027864,2065641,2121367,2178594,2229990,2265374,2286703,2302498,2324565,2353431,2362332,2393487,2464398,2513183,2608395,2696303,2747536,2771233
Oman,Asia,https://www.countryflags.io/om/flat/64.png,557923,604962,657279,712476,764481,806869,805313,796326,787560,784378,785395,800716,828384,865519,903444,946780,1008478,1080679,1167077,1273203,1402110,1560067,1745626,1946599,2147235,2335272,2464002,2584108,2688683,2787190
Pakistan,Asia,https://www.countryflags.io/pk/flat/64.png,31103581,31841095,32658657,33199129,34373993,34603341,36095056,37733688,38955884,40474333,42137205,43273748,44530008,46310639,48187749,49292570,50371148,51901136,53468005,55579658,57643676,59265345,61315759,63410585,64952744,67920815,69610788,71327778,73234565,75143667
Panama,Americas,https://www.countryflags.io/pa/flat/64.png,928375,959669,1003864,1049001,1084274,1132956,1163958,1194633,1227093,1259482,1297298,1334440,1372763,1411984,1455694,1495406,1508684,1554921,1626880,1635386,1639798,1641809,1726901,1787775,1813556,1858187,1910793,1982988,2023221,2063132
Peru,Americas,https://www.countryflags.io/pe/flat/64.png,7876949,8097307,8477484,8862652,9256913,9777454,10312063,10868134,11282618,11750127,11729717,12527004,13097056,13441588,13980776,13761026,14534661,15171988,15397614,15689096,16046317,16171767,16391672,16533447,16631917,16669568,17020625,17834981,18335792,18818406
Philippines,Asia,https://www.countryflags.io/ph/flat/64.png,22744896,23484740,24243746,24962695,25628589,26344024,27005326,27704314,28529584,29250922,29992764,30709972,31392582,31892332,32727888,33625210,34564418,35445037,36374907,37605197,38588345,39910793,40497727,41205244,42537172,43222317,43898340,43058277,44059004,45049086
Palau,Oceania,https://www.countryflags.io/pw/flat/64.png,,,,,,,,,,,,,,,,,,,,,,,,,,,,,,
Papua New Guinea,Oceania,https://www.countryflags.io/pg/flat/64.png,1948903,1990567,2023086,2046332,2096876,2172941,2221542,2302779,2385954,2454385,2534721,2520709,2500731,2475356,2445269,2410988,2374119,2332591,2285873,2233458,2175149,2233414,2284329,2338512,2372125,2414042,2474167,2535095,2587166,2640304
Poland,Europe,https://www.countryflags.io/pl/flat/64.png,17624617,17741288,17825529,17784155,17597677,17390677,17329802,17195003,17230691,17165879,17318950,17575061,17379278,17300168,17265334,17529374,17324552,17328184,17564610,17832669,18035953,18107953,18239621,18282999,18405024,18335265,18397704,18466308,18342832,18176456
Puerto Rico,Americas,https://www.countryflags.io/pr/flat/64.png,1152235,1190000,1201487,1257789,1262351,1267159,1312308,1356745,1371201,1380719,1352252,1369046,1384132,1391014,1391879,1407002,1414320,1390511,1359523,1339607,1320976,1294066,1267215,1241624,1210600,1179376,1163355,1135711,1095888,1097861
"Korea, Dem. People’s Rep.",Asia,https://www.countryflags.io/kp/flat/64.png,12230075,12515206,12743853,12930792,13102101,13276199,13414066,13561258,13707316,13858078,13994416,14138746,14273352,14405635,14540929,14682190,14807511,14941632,15088599,15239900,15377704,15527964,15674717,15803014,15933070,16068980,16183776,16304441,16426785,16531513
Portugal,Europe,https://www.countryflags.io/pt/flat/64.png,4759568,4888206,4751101,4768421,4812804,4819781,4881788,4977110,5125869,5181989,5250309,5355917,5442256,5466833,5450014,5503823,5529930,5551610,5545765,5491273,5488764,5430511,5388158,5297269,5241643,5217727,5206442,5252563,5223691,5180909
Paraguay,Americas,https://www.countryflags.io/py/flat/64.png,1708577,1757609,1804997,1859567,1917666,1974114,2031730,2090783,2151592,2214556,2279755,2344510,2412321,2442555,2633732,2662080,2639257,2744361,2803213,2915104,2890532,2962376,3162859,3184982,3172709,3237302,3334662,3403498,3467326,3530715
West Bank and Gaza,Asia,https://www.countryflags.io/ps/flat/64.png,410609,429250,448996,469967,490982,512589,540724,571663,593727,617265,642577,613296,622714,679744,703838,734126,771902,810563,832657,869322,889607,962456,1009548,1043132,1132123,1166078,1198284,1220743,1267515,1316023
Qatar,Asia,https://www.countryflags.io/qa/flat/64.png,275997,283290,287148,291423,295294,299767,304225,308061,316272,327166,339207,357940,378918,411101,461976,544274,673946,840791,1027456,1218333,1401459,1523063,1639369,1748064,1849981,1944739,2001570,2048187,2089214,2129330
Romania,Europe,https://www.countryflags.io/ro/flat/64.png,12105745,12088117,12116206,12203861,12268283,12280731,11921420,11969376,11799706,11804447,11740810,11382890,10256027,9961650,9907475,9607668,9758285,9578825,9353928,9229390,9373256,9179442,9222031,9173307,9193930,9092236,8927442,9084384,8961606,8844178
Russia,Europe,https://www.countryflags.io/ru/flat/64.png,76000840,75891805,75932759,74081348,72104842,71812883,71059649,69749780,69027685,73091449,73461169,72143553,73089379,72966415,73672474,74220774,74497191,75506737,76035879,76081117,75936680,76051043,75837020,75469647,75293857,75095953,75037803,74282789,73527233,72736316
Rwanda,Africa,https://www.countryflags.io/rw/flat/64.png,3295376,3245695,3131686,3006956,2941251,2957433,3030421,3202715,3418025,3619255,3780473,3929098,4037419,4125028,4213274,4314973,4432693,4561438,4697455,4836601,4976024,5108858,5245687,5386107,5528844,5682848,5852267,6019599,6193988,6374891
Saudi Arabia,Asia,https://www.countryflags.io/sa/flat/64.png,5040975,5164504,5316427,5419441,5510253,5594489,5677030,5773030,5885112,6033496,6364894,6577941,6853670,7199194,7567499,7945226,8287087,8628830,8955997,9289166,9844427,10515725,11248779,11910017,12472996,13088687,13489724,13916954,14282804,14628469
Sudan,Africa,https://www.countryflags.io/sd/flat/64.png,5477865,5738922,6021022,6316456,6615600,6911300,7150967,7297788,7439899,7583649,7734704,7896793,8067580,8242904,8418029,8589632,8731974,8868665,9004538,9145782,9358505,9596767,9848794,10132361,10434171,10745488,11062742,11397099,11724628,12064673
Senegal,Africa,https://www.countryflags.io/sn/flat/64.png,2100234,2165535,2233942,2304236,2376878,2447892,2509815,2572217,2634917,2700219,2771181,2843552,2923654,3004433,3089508,3177988,3269558,3324915,3380949,3438391,3497193,3555204,3615919,3679109,3743662,3809327,3931498,4059546,4192063,4328681
Singapore,Asia,https://www.countryflags.io/sg/flat/64.png,1508998,1567564,1626991,1683964,1755185,1823863,1903876,1978042,2044432,2069707,2118307,2181092,2175732,2150896,2186914,2266575,2374066,2515754,2716207,2822714,2920008,2997673,3104676,3163417,3249280,3331876,3373386,3373420,3377908,3408736
Solomon Islands,Oceania,https://www.countryflags.io/sb/flat/64.png,121383,125390,129147,133949,138389,142982,148185,153932,159436,165321,173148,179844,185844,190696,195732,200745,205458,210117,214817,221273,226208,230900,236878,243283,250177,256980,263808,271061,278605,286190
Sierra Leone,Africa,https://www.countryflags.io/sl/flat/64.png,1569204,1571148,1570201,1558442,1549239,1547643,1546306,1555178,1572478,1603774,1646746,1711379,1784241,1870736,2004997,2065742,2108698,2144045,2174711,2204473,2235774,2262933,2291916,2322089,2352629,2428543,2490998,2556320,2618844,2683618
El Salvador,Americas,https://www.countryflags.io/sv/flat/64.png,1921890,1969675,2019741,2092195,2159983,2171841,2153837,2175780,2270204,2287277,2292936,2298995,2303754,2385486,2360618,2405158,2458037,2511259,2538963,2566891,2531956,2560207,2627149,2682083,2664049,2663118,2726933,2819572,2852581,2884437
San Marino,Europe,https://www.countryflags.io/sm/flat/64.png,,,,,,,,,,,,,,,,,,,,,,,,,,,,,,
Somalia,Africa,https://www.countryflags.io/so/flat/64.png,1996703,1992538,1986331,1983857,1989036,2003078,2027672,2067019,2116028,2171676,2231556,2279734,2337765,2402820,2469866,2538575,2597249,2655832,2717715,2788971,2871727,2947659,3038392,3141061,3250828,3364995,3479836,3598729,3719489,3846888
Serbia,Europe,https://www.countryflags.io/rs/flat/64.png,3322451,3345006,3380520,3410961,3431746,3382098,3388336,3376487,3366172,3380766,3357722,3346940,3337138,3328281,3314475,3303149,3290900,3288452,3238698,3143079,3066469,3051479,3071688,3116060,3127619,3093740,3194932,3219274,3190370,3168494
South Sudan,Africa,https://www.countryflags.io/ss/flat/64.png,2269086,2233018,2184515,2137267,2107640,2105366,2144687,2220101,2319587,2428353,2536832,2634573,2733803,2839815,2959664,3097145,3252515,3423320,3601195,3776139,3941668,4079641,4204320,4315520,4413402,4499779,4564287,4614330,4663980,4724150
Sao Tome and Principe,Africa,https://www.countryflags.io/st/flat/64.png,34117,35020,35818,36595,37448,38451,39488,40718,42075,43439,44726,45870,46945,47959,49055,50294,52045,54027,56076,58097,59936,61606,63104,64474,65842,67311,68897,70541,72218,73971
Suriname,Americas,https://www.countryflags.io/sr/flat/64.png,131172,134618,137500,139602,142246,144794,147605,150731,153707,156659,159822,162697,165674,168880,172435,175710,179158,182868,186598,190227,194007,197731,201048,204298,207202,209723,211508,213884,216546,219109
Slovak Republic,Europe,https://www.countryflags.io/sk/flat/64.png,2618501,2630371,2573246,2520108,2457066,2481113,2516117,2517345,2525215,2551618,2585035,2632890,2623707,2658451,2674169,2661942,2653642,2650184,2681842,2672217,2683419,2686140,2710805,2718415,2724051,2739410,2763640,2761928,2751144,2736717
Slovenia,Europe,https://www.countryflags.io/si/flat/64.png,936467,937930,937924,937313,937870,940132,943651,960169,979178,965181,961268,969791,983737,963129,1010490,1018972,1025616,1040168,1036184,1043498,1043689,1022745,1017195,1012454,1016717,1010125,997430,1028026,1018233,1007949
Sweden,Europe,https://www.countryflags.io/se/flat/64.png,4743268,4726207,4634766,4533403,4510507,4563210,4556818,4529644,4517995,4544043,4513479,4560921,4578454,4604437,4616940,4688555,4750136,4824803,4892191,4908160,4944327,4999694,5035034,5099246,5142771,5185411,5249021,5334259,5398663,5434780
Eswatini,Africa,https://www.countryflags.io/sz/flat/64.png,205282,213962,221986,229666,237501,245601,252325,259732,267356,274426,280658,285401,288640,291164,293792,296930,300329,304365,309019,313879,318774,324166,330126,336405,342910,349361,357746,365537,372633,380119
Sint Maarten (Dutch part),Americas,https://www.countryflags.io/sx/flat/64.png,,,,,,,,,,,,,,,,,,,,,,,,,,,,,,
Seychelles,Africa,https://www.countryflags.io/sc/flat/64.png,,,,,,,,,,,,,,,,,,,,,,,,,,,,,,
Syrian Arab Republic,Asia,https://www.countryflags.io/sy/flat/64.png,3588807,3695991,3795142,3932816,4087076,4245575,4340526,4431615,4521999,4697332,4864915,4965069,5055817,5133453,5154782,5196070,5320839,5449396,5693191,5652771,5757406,5726515,5592311,5404372,5203091,5013524,4902778,4831342,4770379,4797280
Turks and Caicos Islands,Americas,https://www.countryflags.io/tc/flat/64.png,,,,,,,,,,,,,,,,,,,,,,,,,,,,,,
Chad,Africa,https://www.countryflags.io/td/flat/64.png,2267917,2328517,2393040,2465642,2539290,2619652,2697593,2782002,2873473,2973869,3082100,3188837,3305512,3428516,3553264,3684687,3812463,3944294,4082418,4228162,4380291,4537278,4701941,4876327,5057335,5246305,5435714,5630456,5832658,6043611
Togo,Africa,https://www.countryflags.io/tg/flat/64.png,1654699,1694185,1733511,1776403,1819392,1869945,1935639,2007518,2087091,2167425,2247544,2315239,2382294,2448369,2516613,2587769,2659362,2716539,2774145,2831768,2889078,2943463,3029033,3118206,3209615,3303568,3398385,3495567,3595074,3697584
Thailand,Asia,https://www.countryflags.io/th/flat/64.png,29883718,30407699,30876007,31303405,31734718,32372108,33155301,33857314,34203193,34406892,35147919,35863663,36321497,36750063,37285788,37782107,37949575,38538541,38931058,39184208,38935234,40058537,40108071,39238140,39003703,38929222,38680833,38777122,38860015,38917441
Tajikistan,Asia,https://www.countryflags.io/tj/flat/64.png,1247573,1269127,1290829,1312763,1334934,1357758,1385162,1412425,1441160,1473850,1511883,1556510,1607605,1664749,1727341,1789726,1849081,1908789,1968914,2031994,2093556,2147668,2202552,2256587,2309143,2360481,2409888,2459248,2510276,2560157
Turkmenistan,Asia,https://www.countryflags.io/tm/flat/64.png,1348285,1389627,1438864,1489105,1542585,1593224,1638025,1685782,1730534,1773783,1817925,1863415,1903769,1941739,1982631,2028599,2072687,2125766,2184060,2241349,2293709,2348402,2395746,2437884,2479794,2523688,2555843,2595258,2636635,2675573
Timor-Leste,Asia,https://www.countryflags.io/tl/flat/64.png,284356,290987,296607,301496,304890,307201,303340,298762,295554,290578,286580,287061,282504,278574,274801,270774,267170,264689,263123,261909,260648,265416,269787,274262,278965,284608,291491,300290,307578,314523
Tonga,Oceania,https://www.countryflags.io/to/flat/64.png,32016,32884,33548,34103,34692,34651,34691,34888,35123,35312,35443,36029,36481,36845,37210,37535,37942,38425,38729,38938,38985,38895,38672,38479,38276,38210,38483,38995,39678,40582
Trinidad and Tobago,Americas,https://www.countryflags.io/tt/flat/64.png,463570,473990,483290,491829,507817,522409,538201,548775,559591,568265,576839,586550,596810,616928,636522,655138,660823,663930,668026,664425,655908,651906,663830,669404,676833,673439,671061,669748,669904,669324
Tunisia,Africa,https://www.countryflags.io/tn/flat/64.png,2530410,2607396,2676442,2766923,2853145,2936116,3013525,3088056,3134649,3179029,3222236,3259479,3295133,3329758,3363995,3398005,3492275,3561612,3637230,3725059,3804601,3868702,3960597,3956095,3974988,4000849,4021616,4045316,4074574,4099916
Turkey,Asia,https://www.countryflags.io/tr/flat/64.png,19672893,20041385,20178525,19234777,20657052,20944086,21251639,21215774,21764624,22203014,21414874,21768238,22073032,21909698,21874677,22316274,22239126,22626619,23361723,24207631,25218298,26288596,26787340,27849926,28705631,29801373,30860568,31992304,32579794,33119411
Tuvalu,Oceania,https://www.countryflags.io/tv/flat/64.png,,,,,,,,,,,,,,,,,,,,,,,,,,,,,,
Tanzania,Africa,https://www.countryflags.io/tz/flat/64.png,11949975,12349303,12784094,13238173,13693421,14139154,14520874,14896965,15277173,15672694,16091990,16529933,17051433,17589941,18149387,18730033,19285110,19726913,20183537,20643892,21104256,21572118,22047574,22527844,23012726,23750698,24543734,25362828,26191925,27056943
Uganda,Africa,https://www.countryflags.io/ug/flat/64.png,6303540,6481408,6670602,6867687,7071353,7281641,7467677,7662452,7869518,8092899,8335126,8591172,8868691,9165895,9480220,9810357,10148908,10505958,10882118,11278304,11695833,12130460,12590295,13062215,13569831,14119007,14726387,15383789,16099606,16833878
Ukraine,Europe,https://www.countryflags.io/ua/flat/64.png,24575823,24582836,24636767,24679622,24709107,24674281,24307974,23886291,23452799,22982373,23221521,22741141,22576060,22444882,22288742,22163073,22035067,21912056,21800656,21737545,21666236,21621329,21394384,21540098,20895181,20885174,20684320,20505794,20275456,20037572
Uruguay,Americas,https://www.countryflags.io/uy/flat/64.png,1381330,1398884,1434796,1433224,1473133,1504163,1517234,1530726,1543574,1556646,1567214,1598374,1582840,1565131,1571883,1584040,1621393,1663373,1689022,1707874,1711409,1732530,1730217,1726551,1749808,1748776,1750438,1747917,1761684,1774336
USA,Americas,https://www.countryflags.io/us/flat/64.png,127955107,128724306,130881564,132281740,134782362,136718757,138629458,141078174,142833616,144816843,146767130,147738635,148568986,149186504,150257786,152118714,153975992,155267878,157050379,157153235,156950122,157034338,158288096,158831064,159610790,160676107,162628720,164347097,164949531,165735957
Uzbekistan,Asia,https://www.countryflags.io/uz/flat/64.png,7540090,7708936,7921621,8132266,8335996,8539973,8769600,9017511,9263211,9476083,9733490,10008305,10285416,10565038,10850279,11144733,11446535,11766372,12106386,12456349,12952193,13400080,13700815,14012086,14322426,14615383,14896681,15149223,15392266,15555364
St. Vincent and the Grenadines,Americas,https://www.countryflags.io/vc/flat/64.png,41519,42365,43185,43912,44532,45256,45895,46547,47180,47755,48284,49048,49893,50735,51489,52149,52868,53341,53900,54375,54914,55212,55630,56124,56584,56986,57407,57854,58315,58666
"Venezuela, RB",Americas,https://www.countryflags.io/ve/flat/64.png,7728664,7995146,8256825,8495663,8719824,8985268,9233226,9523882,9774784,9983294,10275351,10566108,10758095,10958474,11381259,11742257,12088224,12230207,12486273,12733695,12918204,13180078,13328541,13584587,13727086,13757016,13498253,13181544,12988044,12857391
British Virgin Islands,Americas,https://www.countryflags.io/vg/flat/64.png,,,,,,,,,,,,,,,,,,,,,,,,,,,,,,
Virgin Islands (U.S.),Americas,https://www.countryflags.io/vi/flat/64.png,48634,49698,50362,50615,50806,51132,50859,51002,51448,51769,51954,52559,53056,53386,53617,53848,53892,53951,53974,53863,53721,53283,52784,52363,51968,51588,51376,51220,51011,50859
Vietnam,Asia,https://www.countryflags.io/vn/flat/64.png,32917142,33782813,34617220,35460735,36308409,37169638,37997674,38908306,39895677,40890401,41816352,42878133,43821508,44694516,45578939,46516141,47361650,48265578,49222606,50147028,51185007,52070169,52905978,54174839,54923678,55529723,55772086,56376121,56830826,57249411
Vanuatu,Oceania,https://www.countryflags.io/vu/flat/64.png,57928,59812,61823,63962,65665,67634,69255,70642,72028,73736,75327,77907,80914,83563,86256,88803,91538,94223,96718,99541,102679,105198,108120,111112,113854,116596,119920,123013,126225,129860
Samoa,Oceania,https://www.countryflags.io/ws/flat/64.png,32804,33548,34136,34379,34906,34745,34875,35287,35482,35564,35276,35369,35538,35631,35687,35755,36026,36020,36343,37041,37353,37336,37633,37993,38003,37868,37711,37776,37944,38331
"Yemen, Rep.",Asia,https://www.countryflags.io/ye/flat/64.png,2503707,2659945,2823895,3007304,3181549,3381597,3532738,3687225,3847295,4017823,4090161,4178446,4267400,4361194,4465052,4580441,4695961,4824621,4962889,5104547,5246797,5334238,5426805,5523262,5623619,5906793,6183324,6436374,6625451,6814139
South Africa,Africa,https://www.countryflags.io/za/flat/64.png,12034766,12456162,12915926,13395954,13889132,14390733,14839196,15288906,15747998,16212973,16686737,17085100,17439701,17286622,17128032,18031191,18702303,18785135,19436363,19128001,18860443,19145009,19607512,20164666,20590359,21402228,21768982,22450646,22756502,23072331
Zambia,Africa,https://www.countryflags.io/zm/flat/64.png,3379593,3465845,3553714,3643358,3740727,3842826,3947422,4061103,4182102,4305948,4431452,4539547,4648931,4760239,4875791,4997107,5081291,5172583,5270802,5375873,5488103,5627814,5775017,5980615,6198359,6429078,6667269,6920021,7183708,7456765
Zimbabwe,Africa,https://www.countryflags.io/zw/flat/64.png,4627015,4751618,4883064,5010990,5129031,5238730,5320833,5389579,5376781,5349126,5462965,5555084,5641841,5725174,5805688,5835195,5890083,5944520,6000707,6060807,6125707,6210581,6301443,6399061,6500167,6603775,6702923,6816428,6948204,7088014