Country Name,Region,Image URL,1960,1961,1962,1963,1964,1965,1966,1967,1968,1969,1970,1971,1972,1973,1974,1975,1976,1977,1978,1979,1980,1981,1982,1983,1984,1985,1986,1987,1988,1989,1990,1991,1992,1993,1994,1995,1996,1997,1998,1999,2000,2001,2002,2003,2004,2005,2006,2007,2008,2009,2010,2011,2012,2013,2014,2015,2016,2017,2018,2019
Aruba,Americas,https://www.countryflags.io/aw/flat/64.png,,,,,,,,,,,,,,,,,,,,,,,,,,,-18659217.88,-22569832.4,-44301675.98,-46703910.61,-158156424.6,-209497206.7,43798882.68,41731843.58,81061452.51,-279329.6089,-69106145.25,-195810055.9,-18770949.72,-435513966.5,207145251.4,308759776.5,-340251396.6,-165553072.6,270888268.2,104963491.3,310555693.7,258268156.4,111731.8436,171675977.7,-460111731.8,-260558659.2,90837988.83,-331240424.6,-135498655.9,110690101.7,141069536.3,,,
Afghanistan,Asia,https://www.countryflags.io/af/flat/64.png,,,,,,,,,,,,,,,,,,,,-99600000,53600000,-205800000,-67300000,-138800000,-450600000,-243200000,-537200000,-166900000,26200000,-143300000,,,,,,,,,,,,,,,,,,,-150984007.7,155310512.3,-297346901.4,-2026740563,-4881449961,-4856756330,-3966779434,-3997069814,-4210539728,-4327263841,-3654730154,
Angola,Africa,https://www.countryflags.io/ao/flat/64.png,,,,,,,,,,,,,,,,,,,,,,,,,,195000000,-303000000,447000000,-469000000,-132000000,-235500000,-579600000,-734776000,-668500000,-339800000,-295047000,3266378000,-883540000,-1867130000,-1710410000,795650000,-1430930000,-150093385.3,-719558880.5,681237662,5137882651,10689818936,10581250705,7194246953,-7571651746,7505954235,13084636207,13841185161,8145070112,-3747517596,-10272841903,-3085195463,-632867147.9,7402606519,
Albania,Europe,https://www.countryflags.io/al/flat/64.png,,,,,,,,,,,,,,,,,,,,,16000000,45000000,-66800000,-38300000,-28100000,-36400000,-3200000,5200000,-27100000,-39300000,-118300000,-168000000,-50700000,14900000,-157300000,-11500000,-107300000,-272232500,-65070000,-155400000,-156300000,-217400000,-407520000,-406814698.3,-357925427.3,-571475353.7,-670904254.7,-1150813004,-2013166061,-1852457562,-1355598479,-1667175109,-1256644800,-1184891052,-1425385680,-979825099.4,-900363040.5,-982237928.3,-1010238285,
Andorra,Europe,https://www.countryflags.io/ad/flat/64.png,,,,,,,,,,,,,,,,,,,,,,,,,,,,,,,,,,,,,,,,,,,,,,,,,,,,,,,,,,,,
Argentina,Americas,https://www.countryflags.io/ar/flat/64.png,,,,,,,,,,,,,,,,,651000000,1126000000,1856000000,-513000000,-4774000000,-4712000000,-2353000000,-2436000000,-2495000000,-952000000,-2859000000,-4235000000,-1572000000,-1305000000,4552000000,-647000000,-5547754559,-8205889940,-10979452970,-5117957254,-6769978160,-12138068595,-14481998042,-11942825328,-8980617893,-3780423241,8766610000,8139930000,3211790000,5273750000,6498802520,6048537893,5421206329,7254115684,-1622995871,-5340181192,-2138040360,-13124373786,-9179026267,-17621985168,-15104786525,-31597868773,-27478773448,
Armenia,Asia,https://www.countryflags.io/am/flat/64.png,,,,,,,,,,,,,,,,,,,,,,,,,,,,,,,,,,-67730000,-103780000,-220677007,-322209053,-335738765,-416148343.9,-312542932.9,-301667882.5,-221164164.3,-147810525.6,-173510013.1,-78841446.25,-123899753.9,-152931434.5,-677270882.4,-1658884234,-1425501011,-1261431338,-1058869760,-1057931945,-813035673.3,-901811470.9,-287060199.6,-217365563.9,-344442864.5,-1165303576,
American Samoa,Oceania,https://www.countryflags.io/as/flat/64.png,,,,,,,,,,,,,,,,,,,,,,,,,,,,,,,,,,,,,,,,,,,,,,,,,,,,,,,,,,,,
Antigua and Barbuda,Americas,https://www.countryflags.io/ag/flat/64.png,,,,,,,,,,,,,,,,,,-9600000,-2200000,-19500000,-18800000,-32700000,-41600000,-9100000,600000,-23100000,-118285185.2,-111285185.2,-45037037.04,-81648148.15,-30985185.19,-30922222.22,-9870370.37,15055555.56,-6344444.444,-518518.5185,-59440740.74,-47374074.07,-46770370.37,-60425901.11,-66773349.63,-56894814.81,-82406382.96,-97559289.26,-95101379.26,-171492877,-291763385.6,-385514557.4,-359171367.4,-169024819.3,-167107016.3,-117692907.8,-166821254.1,-204399948.9,3332296.25,29333191.18,-34854522.24,-129865966.2,-113168506.9,
Australia,Oceania,https://www.countryflags.io/au/flat/64.png,,,,,,,,,,,,,,,,,,,,,,,,,,,,,,-18340091394,-15532375782,-10586162829,-10313304565,-9289520942,-15863048788,-18669238436,-14404742353,-11910492516,-17780527378,-21795709493,-15487273891,-7986938465,-16002234756,-29307731701,-41286950910,-43342943310,-45318593060,-64163007802,-52121667002,-48898407699,-44714246092,-44431156054,-64482910032,-47872531026,-43397397625,-56953649153,-41047520169,-35843536825,-29660388140,
Austria,Europe,https://www.countryflags.io/at/flat/64.png,,,,,,,,,,,,,,,,,,,,,,,,,,,,,,,,,,,,,,,,,,,,,,6232945527,10993883347,14749054069,19299052402,10303724796,11472431144,6798975982,6141933077,8379185905,10589968448,6634070795,10771582681,6419120341,10798736575,
Azerbaijan,Asia,https://www.countryflags.io/az/flat/64.png,,,,,,,,,,,,,,,,,,,,,,,,,,,,,,,,,,,,-400650000,-931182000,-915755000,-1364521000,-599703000,-167773000,-51755000,-768373000,-2020854000,-2589213000,167315000,3707605000,9018885000,16452805000,10174876000,15040436000,17144935000,14975987000,12231737000,10208803000,-222495000,-1363404000,1684559000,6051077000,
Burundi,Africa,https://www.countryflags.io/bi/flat/64.png,,,,,,,,,,,,,,,,,,,,,,,,,,-41287339.75,-36165024.27,-95230130.72,-70059475.05,-11489495.8,-69444226.82,-33275378.98,-59608454.36,-28115989.78,-16884183.45,10446132.75,-40010349.69,6129686.085,-48635466.08,-21105733.61,-50162533.19,-36713166.28,-3284988.168,-23902939.17,-32368607.5,-5698160.233,-133539415.1,-111307028.9,-259356226.2,-161180586.8,-300982004.2,-283583270.3,-261157248.5,-258429277.2,-395077162,-373243823.1,-339695286.8,-373388923.3,-362644693.9,
Belgium,Europe,https://www.countryflags.io/be/flat/64.png,,,,,,,,,,,,,,,,,,,,,,,,,,,,,,,,,,,,,,,,,,,11622181453,10806024031,11434413830,7700999845,7553988246,7043546782,-4300219761,8777353551,7337927601,-10168977415,-413616611.6,5078944280,4041465919,6363243452,2646800223,6180354946,-5250876554,
Benin,Africa,https://www.countryflags.io/bj/flat/64.png,,,,,,,,,,,,,,,-29272386.24,-53379894.45,-64816773.23,-56663211.33,-90332243,-51851799.28,-35722305.01,-93365958.1,-377165677.7,-134792910.3,-57072020.99,-38952687.96,-52843453.76,-34289873.35,-105492992.8,-13422534.8,-18141163.38,-216384278.8,-72712868.12,-58751760.31,10551783.96,-166966769.2,-40955332.75,-153955311.4,-132511170.2,-155576636.4,-80582741.39,-74926855.1,-156195168.6,-331206772.3,-288492679.2,-226084743.9,-217005443.2,-534057458.8,-536020953.3,-648934554,-530337545.6,-516162493.4,-576968939.1,-673175481.3,-884914660.2,-744720833.2,-808839294.2,-927305108.5,,
Burkina Faso,Africa,https://www.countryflags.io/bf/flat/64.png,,,,,,,,,,,,,,,,,,,,,,,,,,,,,,,,,,,,,,,,,,,,,,-634316981.1,-543452619.9,-559994996,-963132957.1,-380038564.3,-181447949.5,-160182936.9,-162302832.1,-1345161585,-997625571.7,-895040055.5,-779692461.4,-894070851.3,,
Bangladesh,Asia,https://www.countryflags.io/bd/flat/64.png,,,,,,,,,,,,,,,,,-276313647.4,-280958219.5,-383906631.1,-415947091.7,-702138190.8,-1016620063,-500670224.2,-45800312.9,-477650344.9,-455173414.8,-625181389.2,-237116009.3,-272836596.9,-1099566161,-397909576.6,64593233.33,180790960.4,359263637.7,199568821.5,-823880196.6,-991418975,-286312953.2,-35165989.35,-364355314.2,-305831650.6,-535424727.7,739250272,131637632,-278679383.7,-173741536,1196063083,856792635,926185438.6,3556126394,2108502537,-161842538.7,2575500681,2058473420,755790761.7,2579621009,931393868,-5984992476,-7592873493,
Bulgaria,Europe,https://www.countryflags.io/bg/flat/64.png,,,,,,,,,,,,,,,,,,,,,954000000,122000000,177000000,36000000,535000000,-136000000,-951000000,-720000000,-402000000,-769000000,-1710000000,-76900000,-359900000,-1098800000,-31800000,-25800000,15700000,426900000,-61912460.85,-652131909.3,-703685705.9,-804648255.4,-319039031.1,-1022155147,-1671124320,-3346998840,-5863231595,-11437006354,-11875334885,-4256328503,-964620000,272490000,-528620000,678640000,747230000,61370000,1756550000,2121950000,3492220000,
Bahrain,Asia,https://www.countryflags.io/bh/flat/64.png,,,,,,,,,,,,,,,,-203034134.5,-360213095.4,-324023759.2,-387659590.1,-222736117.1,184350017.9,429521277.7,425558511.8,102659574.7,218351064.1,38829787.23,-68882978.72,-201329787.2,192021276.6,-193085106.4,69680851.06,-602659574.5,-826595744.7,-339361711.9,-255585130.2,237382283.2,260424551.9,-31063706.94,-777413136.3,-36879302.82,830185016.5,225932635.8,-49630835.44,200443477.6,471578624.3,1474202077,2187449379,2906574540,2256886835,559975548.8,770071855.5,3247340426,2577976351,2409721033,1523251103,-752110737.1,-1492819149,-1599760638,-2434574468,
"Bahamas, The",Americas,https://www.countryflags.io/bs/flat/64.png,,,,,,,,,,,,,,,,,68100000,28900000,2400000,-42900000,-75300000,-139900000,-115400000,-100600000,-100300000,-2700000,23000000,-54800000,-66500000,-84200000,-36600000,-179800000,35800000,48660000,-42200000,-145900000,-263300000,-472100000,-995400000,-324397720,-632943000,-644960000,-423317708.7,-473510000,-307120000,-700637472.1,-1403710000,-1315098059,-1222077999,-808980000,-814043000,-1203144000,-1504802400,-1493926000,-1885283211,-1203165343,-710785521.6,-1509104424,-1505207345,
Bosnia and Herzegovina,Europe,https://www.countryflags.io/ba/flat/64.png,,,,,,,,,,,,,,,,,,,,,,,,,,,,,,,,,,,,,,,-345110797.3,-501327188.3,-395690107.6,-742835136.6,-1190656336,-1631046470,-1639327352,-1844398186,-998104072,-1450133147,-2643834901,-1135255485,-1030658645,-1767324081,-1485969669,-968193561.1,-1364226227,-821726574.5,-795818326.6,-784663575.9,-750578394.1,
Belarus,Europe,https://www.countryflags.io/by/flat/64.png,,,,,,,,,,,,,,,,,,,,,,,,,,,,,,,,,,-435000000,-443800000,-458300000,-515900000,-859200000,-1016500000,-193700000,-459100000,-528800000,-325700000,-456100000,-1191900000,458600000,-1387900000,-3012500000,-4958600000,-6132600000,-8280200000,-5052500000,-1862200000,-7567300000,-5227700000,-1831100000,-1611800000,-952400000,-34400000,
Belize,Americas,https://www.countryflags.io/bz/flat/64.png,,,,,,,,,,,,,,,,,,,,,,,,,-5300000,9050000,11950000,9400000,-2600000,-19050000,15350000,-25800000,-28600000,-48500000,-40057000,-17246500,-6645000,-31930000,-59847500,-72792094.89,-161571589.1,-190365259.8,-165323926.7,-184286483.1,-154923751,-151221160.5,-25383981.6,-52089996.96,-144877244.4,-82838728.49,-45736663.04,-19948868.14,-33113119.85,-72586237.49,-135861423.2,-174735548.4,-163456303.4,-130882550,-154939838.8,
Bermuda,Americas,https://www.countryflags.io/bm/flat/64.png,,,,,,,,,,,,,,,,,,,,,,,,,,,,,,,,,,,,,,,,,,,,,,,1252390000,1216066497,906745097.5,581361176.9,695959070.3,867596774.6,926988024.8,840649668.3,817577700.8,942896167.1,845986384.6,940200101.7,958378558.1,
Bolivia,Americas,https://www.countryflags.io/bo/flat/64.png,,,,,,,,,,,,,,,,,-53500000,-117900000,-331500000,-397000000,-6400000,-467644936.8,-173625000,-140834000,-177809000,-285300000,-388663000,-432236000,-304396000,-270100000,-198900000,-262600000,-533900000,-505500000,-90200000,-302500000,-379690000,-553500000,-666100000,-488000000,-446349904,-274011530,-351932880.9,75594887.42,337499451.3,622439173.9,1317472317,1591246147,1992699061,813540000,873745670.1,537204935.3,1970039110,1053982417,570409348.6,-1936209393,-1907244255,-1870916071,-1989598183,
Brazil,Americas,https://www.countryflags.io/br/flat/64.png,,,,,,,,,,,,,,,,-6968000000,-6520000000,-5049000000,-6996000000,-10516000000,-12831000000,-11764000000,-16317000000,-6834000000,33000000,-280000000,-5311000000,-1452000000,4156000000,1002000000,-3823000000,-1450000000,6089000000,20000000,-1153000000,-18136000000,-23248000000,-30491000000,-33829000000,-25400000000,-24224529661,-23214529000,-7636629351,4177288492,11737597029,13984655478,13621476250,1550785092,-28192023673,-24305612300,-79014197646,-76287893199,-83800054146,-79792154121,-1.01431E+11,-54472241231,-24230036822,-15014521914,-41539692295,
Barbados,Americas,https://www.countryflags.io/bb/flat/64.png,,,,,,,,,,,-41799999.98,-35141444.15,-43252399.06,-52316723.94,-47827060.99,-41359840.27,-64300000,-51550000,-31450000,-34400000,-16800000,-115400000,-32750000,-35650000,22900000,59600000,13200000,-16300000,48050000,28200000,-7800000,-23600000,156130285,81853027.2,140132597,10174604.2,34077683.4,-94612258.74,-114434034.5,-202470059.3,-213063737,-174713354.9,-229116798.9,-240917979.9,-413088728.4,-465820592.5,-354411349.9,-275760573.2,-475655345.4,-259620267.7,-218412771.3,-254240763.4,-410968761.2,-248161274.7,,,,,,
Brunei Darussalam,Asia,https://www.countryflags.io/bn/flat/64.png,,,,,,,,,,,,,,,,,,,,,,,,,,,,,,,,,,,,,,,,,,1951316868,1755703212,2484083056,2882181879,4032630649,5229408432,4828377152,6938901524,3977383595,5016203728,6430078161,5683735283,3778236925,5250594000,2156649812,1469939558,1984437362,1067951168,
Bhutan,Asia,https://www.countryflags.io/bt/flat/64.png,,,,,,,,,,,,,,,,,,,,,,,,,,,,,,,,,,,,,,,,,,,,,,,-37902200.9,84937868.85,-112487375.5,-65940668.75,-323097108.1,-526214663.8,-377036786.3,-472191887.7,-490282016.2,-548326099.4,-622690306,-540419849.6,-497629633.2,
Botswana,Africa,https://www.countryflags.io/bw/flat/64.png,,,,,,,,,,,,,,,,-35564200.32,-20355005.11,-26960911.46,-115557799,-60613001.2,-151050210.9,-303679167.3,-144610725.5,-78947908.27,-58765840.35,81941938.09,108666489.6,628491474.5,193920170.6,491888911.8,-19296242.56,302934867,197703492.2,426936846.8,221630751.6,299652984,494954771,721431864.9,169705244.8,583453155.3,545147480.4,595209435.1,263354173.5,716789293.7,316806307.9,1597508490,1950576025,1654317020,149529705.3,-648182755.1,-804286961,-110590444,-901039447.9,665589661.9,1734137613,317757508.2,1212879635,929045831.1,345270348.6,
Central African Republic,Africa,https://www.countryflags.io/cf/flat/64.png,,,,,,,,,,,,,,,,,,-18894521.01,-22986329.69,-15955123,-43051964.88,-4180369.993,-42642700.16,-29309880.56,-33446332.87,-48615805.95,-86517658.25,-73427464.2,-34608362.8,-33425568.41,-89131983.87,-61770908.32,-83055084.96,-12950157.49,-24675583.81,,,,,,,,,,,,,,,,,,,,,,,,,
Canada,Americas,https://www.countryflags.io/ca/flat/64.png,-1187187628,-1105883474,-1080531892,-841511701.6,-453738889.1,-1657803081,-1578616024,-1278892822,-980740554.3,-1945698726,493731567.6,-1038600163,-2404308515,-2056301251,-4570220597,-8196398663,-7638587863,-7002658577,-8188226094,-8384719674,-6088019706,-12532212145,1796486978,-2522643419,-1373618096,-5838917859,-11351388395,-13711713496,-15285075071,-22216034256,-20259435864,-22874763554,-21718992367,-22353009553,-13907010267,-5061141976,2428067198,-8985483077,-8999712922,845351118.1,18494424439,15757824511,12512912205,10432942307,23235547976,21933097496,17990236971,11050809836,3177944944,-40775263976,-58162670440,-49746988787,-65686065872,-59424941699,-43234204292,-55438186632,-49054420596,-46380811829,-45322715617,
Switzerland,Europe,https://www.countryflags.io/ch/flat/64.png,,,,,,,,,,,,,,,,,,1923841029,2075474342,-245380319,-201108977,3426767759,2534139471,1211923922,6141678667,6038764817,4654467967,6287588785,8845759585,7280896129,6123636015,9534434765,13370612197,16875486425,16729198998,20702527127,19915939191,25316670255,25194278318,28283270188,32503695575,22663750583,25555370937,44614123150,57616419062,55102457066,61581178327,47930911917,13187538777,40721497990,85821578273,54661211221,71311683677,79673219973,60661859384,76554499514,63571373083,44355927879,74099963147,
Chile,Americas,https://www.countryflags.io/cl/flat/64.png,,,,,,,,,,,,,,,,-490000000,148000000,-551000000,-1088000000,-1189000000,-1971000000,-4733000000,-2304000000,-1117000000,-2111000000,-1412980000,-1191440000,-734900000,-231400000,-690860000,-484610000,-97700000,-956900000,-2552200000,-1587000000,-1349600000,-3082652308,-3660191808,-3918430456,99338040.68,-897526442.9,-1100127919,-580075885,-222193545.4,2821176352,1824625141,7004224398,7423002524,-6698524205,3220017296,3068788709,-4083987096,-10470693073,-11237028243,-4287966966,-5647471484,-3960035730,-5964523756,-9157260645,
China,Asia,https://www.countryflags.io/cn/flat/64.png,,,,,,,,,,,,,,,,,,,,,,,5674000000,4240000000,2030000000,-11417000000,-7034000000,300000000,-3802000000,-4317000000,11997000000,13272000000,6401000000,-11609000000,6908000000,1618390000,7243000000,36963000000,31472000000,21115000000,20518382000,17401000000,35421997980,43051582861,68940960689,1.32378E+11,2.31843E+11,3.53183E+11,4.20569E+11,2.43257E+11,2.3781E+11,1.36097E+11,2.15392E+11,1.48204E+11,2.36047E+11,3.04164E+11,2.02203E+11,1.95117E+11,49091588369,
Cote d'Ivoire,Africa,https://www.countryflags.io/ci/flat/64.png,,,,,,,,,,,,,,,,,,,,,,,,,,,,,,,,,,,,,,,,,,,,,,39674661.46,478964882.7,-139040443,451563678.1,1617588676,464532501.1,2662722825,-320552630.9,-632724104.4,510034953.1,-201291934.3,-413991732.7,-1046500384,,
Cameroon,Africa,https://www.countryflags.io/cm/flat/64.png,,,,,,,,,,,,,,,,,,-92399291.6,-186359144.2,-125679683.9,-445401476.8,-481672021.3,-385740988.7,-411858867.7,-168918352.3,-561519691,-451825967.7,-892736637,-426458820.2,-289898413.8,-551191364.6,-335688340.3,-365783903.1,-512249889.3,-56069410.51,89853033.03,-286663480.3,-582196044.7,-150780799.1,-509365181.3,-217857961.8,-347353648.6,-437246424.6,-596545101.1,-415435946.9,-495364513.6,193346552.4,285696828.9,-449740143.7,-1118674155,-856304616.5,-748216473.8,-955988361.2,-1127766813,-1400109960,-1173219339,-1037239633,-949308968.9,-1409485090,
"Congo, Dem. Rep.",Africa,https://www.countryflags.io/cd/flat/64.png,,,,,,,,,,,,,,,,,,,,,,,,,,,,,,,,,,,,,,,,,,,,,,-388600000,47800000,527000000,-151000000,-1123100000,-2173500000,-1280602281,-1260461518,-3108803236,-1722614687,-1483759412,-1504066909,-1241424116,-2169064858,
"Congo, Rep.",Africa,https://www.countryflags.io/cg/flat/64.png,,,,,,,,,,,,,,,,,,,-180602444.6,-99355192.9,-166655973.6,-460704628.9,-331544689.2,-400906891.6,210194756.6,-161266354,-600702191.4,-222683097.6,-445451715.4,-84950767.88,-251226023.4,-461527158.4,-316594619.7,-552686023.3,-793401070.7,-625202813,-650850197,-155846793.3,-240607802.4,-230648368.1,648133956.9,-28424154.8,-34451085.22,520474598.5,674446801.7,695587032.1,124117857.3,-2105084343,865773671,-1365785099,900330482.9,2070427333,2421397244,1936401764,678875098.9,-4628709578,-3593571061,,,
Colombia,Americas,https://www.countryflags.io/co/flat/64.png,,,,,,,,,-164000000,-175000000,-293000000,-453986380,-191228310,-54743030,-351911520,-171677650,162860200,375428640,258132000,438044000,-205835310,-1961259960,-3053797000,-3003000000,-1401000000,-1809000000,383000000,336000000,-216000000,-201000000,542000000,2348800000,900700000,-2102400000,-3666972448,-4515876293,-4641240162,-5750513928,-4857623994,670982414.6,832542893.4,-1037702203,-1302456087,-945976951.9,-782003610.7,-1890852906,-2909244067,-6016656241,-6460649707,-4649205892,-8732380520,-9802928078,-11362401606,-12501061971,-19763756179,-18564197614,-12036185223,-10240840263,-13037301747,
Comoros,Africa,https://www.countryflags.io/km/flat/64.png,,,,,,,,,,,,,,,,,,,,,-8907704.981,-8155179.526,-10958496.64,-11053296,-32719768.97,-14256804.61,-15685687.06,-21365301.98,-6516797.232,5407428.648,-10475185.53,-10249392.74,-14190208.45,9574086.3,-7216639.07,-18963177.48,,,,,,,,-18440042.76,-20735592.73,-26850846.45,-22538506.48,-31618920.99,-68992132.62,-39385082.47,-39335660.75,-55499670.63,-41138657.38,,-43458200.05,-2477534.17,-44044054.74,-22971469.91,-28253425.54,
Cabo Verde,Africa,https://www.countryflags.io/cv/flat/64.png,,,,,,,,,,,,,,,,,,5836137.302,-8574466.737,-1015147.063,4321104.172,-21614276.72,-14838746.57,-13348523.07,-6415096.192,-8936866.804,1728119.583,-2571970.699,-489957.3317,-12834375.47,-3834569.288,-6963192.905,-12146859.08,-23929894.63,-45729294.08,-61624522.9,-35041392.49,-29721711.44,-58512075.7,-74762927.33,-60148009.93,-55742978.43,-71449519.8,-90479472.09,-130079767.7,-40659725.66,-82729932.59,-198162898.9,-205256847.4,-244926653.8,-222769238.2,-304537748.9,-243559056.4,-107358950.8,-168960587.7,-50593257.5,-64135178.53,-141245079.5,-94519229.63,
Costa Rica,Americas,https://www.countryflags.io/cr/flat/64.png,,,,,,,,,,,,,,,,,,-225600000,-363200000,-558200000,-663900000,-409102533.4,-266700000,-279900000,-151103890.3,-126010000,-80000000,-256430000,-178500000,-414900000,-424000000,-75200000,-370400000,-620200000,-233600000,-358142000,-263670000,-480876000,-520750000,-666448850.9,-684555193.4,-514265066.2,-860075342.2,-899691788.4,-675040285.8,-860047056.6,-938716203.6,-1498808913,-2580547378,-560580957.6,-1213874254,-2265057621,-2411089981,-2431168563,-2453096345,-1921262983,-1257276124,-1717062864,-1866153308,
Cuba,Americas,https://www.countryflags.io/cu/flat/64.png,,,,,,,,,,,,,,,,,,,,,,,,,,,,,,,,,,,,,,,,,,,,,,,,,,,,,,,,,,,,
Curacao,Americas,https://www.countryflags.io/cw/flat/64.png,,,,,,,,,,,,,,,,,,,,,,,,,,,,,,,,,,,,,,,,,,,,,,,,,,,,-879497206.7,-895046927.4,-764134078.2,-505815642.5,-519340782.1,-585240223.5,-681268156.4,-897843575.4,
Cayman Islands,Americas,https://www.countryflags.io/ky/flat/64.png,,,,,,,,,,,,,,,,,,,,,,,,,,,,,,,,,,,,,,,,,,,,,,,,,,,,,,,,,-706577023.5,-997948831.9,,
Cyprus,Asia,https://www.countryflags.io/cy/flat/64.png,,,,,,,,,,,,,,,,,-26553262.83,-104625686,-185000460.8,-239812305,-258319117.1,-171795718.4,-178171041.2,-205073374.3,-221623272.8,-180229503.8,-18913694.53,-7690763.41,-107580150.2,-248673279.2,-154339881.4,-420301510.4,-638195760.5,109769668,74361375.97,-205119061.5,-467713356.7,-418075864.7,291417461.5,-170232739.7,-488055775.3,-322248391.4,-379165886.4,-292062579.5,-826757519.2,-970855828.8,-1278222531,-1830417731,-4021890151,-1737607776,-2798526226,-606475259.5,-998425002.4,-349870669.4,-957946474.9,-83510340.24,-863601462.2,-1132805132,-1067068304,
Czech Republic,Europe,https://www.countryflags.io/cz/flat/64.png,,,,,,,,,,,,,,,,,,,,,,,,,,,,,,,,,,466333364.6,-819875392.3,-1373523087,-4127553020,-3621726040,-1308286939,-1465751163,-2689755314,-3272573494,-4264835726,-5785485093,-4457211225,-2809704226,-3996084353,-8945618936,-4407952631,-4869768333,-7351204484,-5020059122,-3158497436,-1105890387,457719869.1,460991643.4,3015907874,3148006332,860048615.3,
Germany,Europe,https://www.countryflags.io/de/flat/64.png,,,,,,,,,,,,106579704.6,339737168.2,4180846806,9084950154,3097445200,3746082062,3904679948,9277965923,-5386663051,-15655476542,-5304713597,5511893343,4346783317,9212736900,17994051590,38661456608,44216520652,53961061179,57052694501,46455960977,-26564029371,-25255079543,-21408143439,-33446012238,-32191295765,-17018286510,-11520842909,-15635184941,-31384625221,-33903966248,-7099486034,39720517928,35985324847,1.27506E+11,1.33087E+11,1.73486E+11,2.35777E+11,2.1325E+11,2.01135E+11,1.96172E+11,2.31972E+11,2.51551E+11,2.4528E+11,2.78433E+11,2.88217E+11,2.93731E+11,2.96338E+11,2.89898E+11,
Djibouti,Africa,https://www.countryflags.io/dj/flat/64.png,,,,,,,,,,,,,,,,,,,,,,,,,,,,,,,,102070098.6,70042369.78,111039213.1,80221245.66,77638545.81,68478120.2,53297021.74,43877763.46,69502197.26,33305011.79,68849488.81,69901699.86,79033991.48,3151006.353,20132679.87,-16565290.54,-171352850.8,-225386026.4,-71100207.63,50489250,-171842382.2,-147967882.2,-133580162.2,-229894263,-301665541.3,-170031510.2,-293602295.7,,
Dominica,Americas,https://www.countryflags.io/dm/flat/64.png,,,,,,,,,,,,,,,,,-1097652.509,-1500000,-1300000,6300000,-14300000,-12802407.41,-7805444.444,-1750333.333,-7101925.926,-6301333.333,-7026111.111,-7011962.963,-12231296.3,-45511037.04,-43527629.63,-34185185.19,-27122222.22,-18196296.3,-26155555.56,-40240740.74,-51162962.96,-42251851.85,-23062962.96,-35774074.07,-59818518.52,-52138148.15,-47354800,-53176439.26,-58856365.85,-76081115.56,-49851557.04,-86949475.19,-129885324.8,-111079073.7,-80184677.04,-67906485.19,-92105008.89,-72149157.41,-36221939.93,-40958730.14,-50964344.56,-66364831.42,-225095301.4,
Denmark,Europe,https://www.countryflags.io/dk/flat/64.png,,,,,,,,,,,,,,,,-490031786.4,-1913896584,-1722370638,-1502178635,-3056236980,-2388928524,-1875068191,-2258898414,-1381788412,-1718091086,-2767043670,-4490071520,-3001504830,-1339878503,-1117661218,1371546057,1983274880,4198752277,4831706294,3189386538,1854784040,3089672486,921262661.4,-2008094992,3047192197,2261835982,4848072420,3460409557,6963066045,5940838083,11007384394,9461656812,4841519013,10413116838,11323461379,21051011384,22681953274,20460990723,26685645940,31353332576,24953251921,24312984241,25683297663,24780873569,
Dominican Republic,Americas,https://www.countryflags.io/do/flat/64.png,,,,,,,,,-75200000,-84700000,-101900000,-129400000,-47000000,-96600000,-241000000,-72800000,-129200000,-128600000,-311900000,-331300000,-719900000,-389400000,-442600000,-417900000,-163400000,-107600000,-183400000,-364100000,-18900000,-327300000,-279600000,-157300000,-707900000,-532900000,-283000000,-182800000,-212700000,-163000000,-338400000,-429200000,-1026500000,-740800000,-797900000,1036180000,1041480000,-472910000,-1287410000,-2166300000,-4519700000,-2302900000,-4023500000,-4358700000,-3970570000,-2567900000,-2170200000,-1280300000,-814700000,-133100000,-1159600000,
Algeria,Africa,https://www.countryflags.io/dz/flat/64.png,,,,,,,,,,,,,,,,,,-2325189757,-3539675737,-1631862143,249123767.1,89902046.18,-183136955.3,-85198797.21,74447538.07,1014757946,-2229964663,141244636.7,-2039640899,-1081019510,1420261029,2366713357,,,,,,,,,,,,,,21180000000,28923000000,30353590751,33954307487,431665235.5,12220267767,17673868500,12092476753,1187894323,-9264322929,-27037635153,-26204046337,-22058711276,,
Ecuador,Americas,https://www.countryflags.io/ec/flat/64.png,,,,,,,,,,,,,,,,,-9600000,-343400000,-703300000,-630300000,-641590000,-998000000,-1182000000,-115000000,-273000000,76000000,-582000000,-1187000000,-680000000,-715000000,-360000000,-708000000,-122000000,-848890000,-898320000,-1000010000,-54840000,-456780000,-2098500000,918120000,1112624808,-551175742.4,-1219024875,-386818498.3,-479422715.7,473925450.5,1739926904,1886488799,1769407670,313049365.6,-1582287238,-400136159.8,-146438179.5,-932905961.3,-668742113.6,-2221086837,1321075969,-491903606.6,-1488129214,
"Egypt, Arab Rep.",Africa,https://www.countryflags.io/eg/flat/64.png,,,,,,,,,,,,,,,,,,-813431979.7,-924087351.1,-1506714288,-436428571.6,-2134857145,-1850714287,-329571427.9,-1886714286,-1816285714,-1441428571,20142857.14,-1040857143,-1308545455,2327000000,3369000000,3270000000,2538000000,31000000,-254000000,-192000000,-710500000,-2566000000,-1634800000,-971000000,-388400000,622400000,3743300000,3921700000,2102800000,2635400000,411600000,-1414600000,-3349300000,-4503800000,-5483900000,-6972000000,-3533700000,-5954500000,-17243300000,-20493900000,-7939700000,-6293166088,
Eritrea,Africa,https://www.countryflags.io/er/flat/64.png,,,,,,,,,,,,,,,,,,,,,,,,,,,,,,,,,187934303,107205479.6,123591032.9,-31470548.19,-59750379.4,4963143.144,-292743488.9,-208772373.3,-104657012.5,,,,,,,,,,,,,,,,,,,
Spain,Europe,https://www.countryflags.io/es/flat/64.png,,,,,,,,,,,,,,,,-3893003631,-4622445702,-2455212501,1250840555,756532365.7,-5579999645,-5363207814,-4548243516,-3013194548,1777600860,2785470118,3914233943,-263468751.5,-3795489190,-10924451313,-18009410032,-19797681591,-21537215135,-5803781134,-6389349436,-1966861256,-2233973439,-829666961.2,-7251485438,-20659548705,-25928189733,-27555477892,-26251685129,-35103881712,-58677027283,-83915470590,-1.11532E+11,-1.39288E+11,-1.45716E+11,-60418930687,-52249545356,-39975229878,735150583,27588004255,22662337679,24107676878,39298651172,35610683833,27306631572,
Estonia,Europe,https://www.countryflags.io/ee/flat/64.png,,,,,,,,,,,,,,,,,,,,,,,,,,,,,,,,,36229906.38,21631079.74,-166292389,-157805570.5,-398235485.9,-561729553.9,-478433380.6,-294644154.2,-299009347.5,-324621264,-779341245.6,-1115380629,-1369198738,-1386395117,-2585466594,-3503236042,-2216651994,525703676.2,343686947.1,309074192.3,-444602799.7,75410518.78,173055018,403274473.8,401782336.6,723353000.5,612392506,
Ethiopia,Africa,https://www.countryflags.io/et/flat/64.png,,,,,,,,,,,,,,,,,,-82560386.51,-111739130.5,-91352657.05,-226135265.8,-249516908.3,-194927536.3,-169903770.4,-130096618.4,106280193.2,-327149758.5,-216859903.4,-227536231.9,-144396135.3,-293768115.9,103101449.3,-119956425.1,-50000000,125418697.8,39377829.19,79569127.23,-40251869.02,-332610081.6,-465224277.4,13457193.37,-373389901.8,-136640610.8,-136384298.7,-667837097.1,-1567750098,-1785898857,-828004872.8,-1805740812,-2190653761,-635273119.7,-1055616929,-3077984123,-3033415076,-5771532765,-7566576583,-7905485193,-5928627607,-4611293723,
Finland,Europe,https://www.countryflags.io/fi/flat/64.png,,,,,,,,,,,,,,,,-2140125901,-1114194870,-99080934.02,680405505.5,-162827095.7,-1402766285,-478183388.6,-923075101.5,-1124269736,-20635960.56,-806258709.2,-693308768.6,-1731474349,-2693879544,-5797060598,-6962269019,-6807373406,-5115907405,-1135004052,1110443785,5231356798,5002580419,6632800364,7339629117,8044775248,10526442822,12077346335,12077649874,8534170986,12542361460,7788421393,7996502345,9581228390,5710387877,4408598035,2792204908,-4796921117,-5900574337,-5238728662,-4331080868,-1681491952,-1784728818,-1742487672,-4468797259,
Fiji,Oceania,https://www.countryflags.io/fj/flat/64.png,,,,,,,,,,,,,,,,,,,,-58762066.05,-17494643.23,-161251712.6,-84251286.85,-55377457.27,-18390967.41,18724738.41,16771624.18,27334302.54,70546696.11,7483146.067,-93996364.84,-68245392,-61277818.84,-138087593.8,-112763596,-112704432.3,13539514,-34148960.12,-59894806.6,12692771.47,-25505583.17,-67603151.28,15746866.06,-52508335.18,-251243633,-205532619.1,-506040406.7,-386995562.2,-526410959.2,-124265198.8,-149456355.2,-195009429.7,-56960595.86,-406941842,-280607454.5,-163804872.1,-181085806.6,-358288063.4,-470069077.2,
France,Europe,https://www.countryflags.io/fr/flat/64.png,,,,,,,,,,,,,,,,2740359182,-3356210919,-405105191.7,7063714715,5141501556,-4208340489,-4810818972,-12082174631,-5165512057,-875999017.5,-34597949.28,2429990544,-4445832867,-4618908100,-4671010644,-9944228234,-6518255442,3893429895,8989785411,7415274027,10840336631,20560612392,37801148627,37698545877,50692422641,16125180558,20965385280,17651008712,15984849589,9166417135,-142691013.4,514325562.5,-8718514443,-28163013358,-22099585074,-22031068188,-29508603052,-32875102690,-24382747332,-37354496129,-9130436717,-12205179244,-16470460331,-19014298811,
Faroe Islands,Europe,https://www.countryflags.io/fo/flat/64.png,,,,,,,,,,,,,,,,,,,,,,,,,,,,,,,,,,,,,,,223970000,176080000,99190000,146200000,125740000,-6560000,129705661.2,31181073.21,21240459.6,-80569602.54,-30578904.31,-24635504.86,144276278.6,194304400.9,,,,,,,,
"Micronesia, Fed. Sts.",Oceania,https://www.countryflags.io/fm/flat/64.png,,,,,,,,,,,,,,,,,,,,,,,,,,,,,,,,,,,,,,,,,,,,,,,,,,-38254100,-24572700,-44221400,-23832100,-2173400,22407600,,,,,
Gabon,Africa,https://www.countryflags.io/ga/flat/64.png,,,,,,,,,,,,,,,,,,,73873552.33,247647578,383851621.8,403302595.2,309367211.3,97935781.39,112688520.1,-162488355.5,-1057446599,-449096771.9,-615514844.2,-192189357.1,167704389.3,74794339.81,-168120054.6,-49088407.18,317360428.3,514659207.6,888616636.5,531357331.2,-595536813.6,390390350.6,1000995434,517388918,338032980.7,765896007.6,924480491.2,1982970942,,2748153648,3829611012,804085379.9,2453186896,2604448146,1977634349,1462632469,1112065881,140995975,,,,
UK,Europe,https://www.countryflags.io/gb/flat/64.png,,,,,,,,,,,1970398426,2716894254,533353862.9,-2411629487,-7448453414,-3465069948,-1380238419,145041980.6,2163486629,-782636743.7,6861992455,14126907664,7984708625,5291692208,1833423998,3314271039,-1323753957,-12589592392,-35326156228,-43108544486,-38810922317,-19021852919,-23204209131,-17721103947,-10025834772,-13436363557,-10328612316,-1402652031,-5272998683,-41550598494,-37342829546,-33814725622,-36613796790,-36457004860,-55929071571,-49149334300,-75847895288,-1.03089E+11,-1.14803E+11,-79877916832,-78778924007,-46703872304,-92827543227,-1.32863E+11,-1.44632E+11,-1.43589E+11,-1.41824E+11,-93031015823,-1.23106E+11,
Georgia,Asia,https://www.countryflags.io/ge/flat/64.png,,,,,,,,,,,,,,,,,,,,,,,,,,,,,,,,,,,,,,-514200000,-275700000,-198400000,-175899687.6,-197094537.6,-216912821.5,-382208826.1,-356204277.4,-695658032.2,-1191302771,-1992056361,-2811210944,-1141145836,-1198803819,-1843079774,-1882741234,-955492553.2,-1784183122,-1767022015,-1885850034,-1307518051,-1192744353,
Ghana,Africa,https://www.countryflags.io/gh/flat/64.png,,,,,,,,,,,,,,,,17574112,-74043770,-79748084.34,-45940350.9,123499524,30200000,-419181804,-107279822.6,-172164695.1,-38800000,-133900000,-85320000,-97900000,-67100000,-93900000,-223200000,-252052000,-377000000,-558800000,-254600000,-143700000,-306850000,-403464000,-521730000,-964300000,-386417603.2,-427467882.4,-105237554.6,101686603.5,-590188288.8,-1104609521,-1056074433,-2378784232,-3327428936,-1897165484,-2747340000,-3541315695,-4911713679,-5704034550,-3694575338,-2823640338,-2832047271,-2002640000,-2043923677,
Gibraltar,Europe,https://www.countryflags.io/gi/flat/64.png,,,,,,,,,,,,,,,,,,,,,,,,,,,,,,,,,,,,,,,,,,,,,,,,,,,,,,,,,,,,
Guinea,Africa,https://www.countryflags.io/gn/flat/64.png,,,,,,,,,,,,,,,,,,,,,,,,,,,-123880000,-38250000,-221520000,-179710000,-202980000,-288820000,-262700000,-56790000,-247980000,-216482000,-177268000,-91077000,-154466350,-201046593,-140090196.4,-59514979.66,-199626587,-185261398.5,-162350000,-160340000,-221350000,-454590000,-438210000,-403360000,-326890000,-1161380000,-1038620000,-1189770000,-981676723.9,-1020203638,-2744932548,519350000,-190500000,
"Gambia, The",Africa,https://www.countryflags.io/gm/flat/64.png,,,,,,,,,,,,,,,,,,,-46995191.67,-37046925.8,-90576150.08,-43629434.1,-21451164.68,-31536047.01,6608376.265,7687684.309,3091361.83,14242903.78,32257952.77,15511137.8,24174411.6,11957897.15,38165566.6,-5165441.436,8099755.288,-8138919.18,-47078884.68,-22953546.51,,,,,,2635836.667,-30321808.63,-43391563.85,-65600015.68,-79274784.32,-6288458.787,28003761.83,17499603.55,-108142561.9,-92782872.8,-97109176.63,-84557301.95,-99173808.7,-95603266.26,-110827141.7,-78645905.2,
Guinea-Bissau,Africa,https://www.countryflags.io/gw/flat/64.png,,,,,,,,,,,,,,,,,,,,,,,-79500000,-72000000,-65500000,-75800000,-49900000,-45100000,-55800000,-80201000,-45292000,-75397000,-96983000,-61979000,-45940000,-35180000,-44470000,-6380000,,,,-11133112.27,-1268314.149,-287336.3899,13864301.74,-10483855.9,-40075342.06,-30650191.86,-28780321.35,-47610403.32,-70790428.79,-14050574.52,-83241961.12,-52508821.22,6310286.495,20941855.29,10056270,3869474.468,-54107891.37,
Equatorial Guinea,Africa,https://www.countryflags.io/gq/flat/64.png,,,,,,,,,,,,,,,,,,,,,,,,,,,,-24203377.92,-16538625.01,-20996318.94,-18992540.46,-40718605.75,-10574562.54,2842889.768,-381841.1509,-123404175.6,-344039026.3,,,,,,,,,,,,,,,,,,,,,,,
Greece,Europe,https://www.countryflags.io/gr/flat/64.png,,,,,,,,,,,,,,,,,-929000000,-1075000000,-955000000,-1886000000,-2209000000,-2408000000,-1892000000,-1878000000,-2132000000,-3276000000,-1676000000,-1223000000,-958000000,-2561000000,-3537000000,-1573700000,-2140000000,-747000000,-146000000,-2864000000,-4554000000,-4860000000,,-7294252083,-9817441651,-9403099988,-9595594261,-12812812180,-13492562448,-18218753984,-29576385911,-44579249236,-51297053502,-35945594306,-30262611052,-28599315729,-6172097059,-4949141209,-3734712057,-1611391808,-3261057770,-3605994842,-6248523036,
Grenada,Americas,https://www.countryflags.io/gd/flat/64.png,,,,,,,,,,,,,,,,,,1307407.407,1048148.148,-1111111.111,270740.7407,-13871851.85,-17701111.11,-14900000,3800000,2774074.074,-19085185.19,-29192592.59,-27770370.37,-36322222.22,-46237037.04,-48070370.37,-32392592.59,-43677777.78,-28133333.33,-41807407.41,-56507407.41,-69092592.59,-81511111.11,-55748148.15,-88096284.81,-102873241.9,-125548763,-145937451.9,-65702984.07,-193262673.3,-226702041.9,-241705404.8,-251947382.2,-197163179.6,-203902454.1,-207008409.6,-193202811.9,-212831042.2,-105341664.7,-121997267.2,-116500073.1,-134815702.2,-116327736.4,
Greenland,Americas,https://www.countryflags.io/gl/flat/64.png,,,,,,,,,,,,,,,,,,,,,,,,,,,,,,,,,,,,,,,,,,,,,,,,,,,,,,,,,,,,
Guatemala,Americas,https://www.countryflags.io/gt/flat/64.png,,,,,,,,,,,,,,,,,,-35300000,-270500000,-205600000,-163300000,-572700000,-399100000,-223900000,-377400000,-246300000,-17600000,-442500000,-414000000,-367100000,-212900000,-183700000,-705900000,-701700000,-625300000,-572100000,-451000000,-633500000,-1039100000,-1025900000,-1049600000,-1252904185,-1234874116,-1039185911,-1164400000,-1241000000,-1524000000,-1785600000,-1413893284,272838592.5,-563258368.1,-1598673041,-1309617984,-1351106930,-1229741258,-96400049.38,1023400000,1188700000,665000000,
Guam,Oceania,https://www.countryflags.io/gu/flat/64.png,,,,,,,,,,,,,,,,,,,,,,,,,,,,,,,,,,,,,,,,,,,,,,,,,,,,,,,,,,,,
Guyana,Americas,https://www.countryflags.io/gy/flat/64.png,,,,,,,,,,,,,,,,,,-97529411.8,-29568627.46,-82901960.82,-128509804,-183497945.8,-141314308.9,-157487665.7,-97227289.84,-96623292.22,,,,,,,-138548000,-140225000,-124945000,-134765000,-32700000,-63100000,-55600000,-49500000,-82200000,-90900000,-62300000,-44600000,-19915600,-96268000,-180641000,-165677000,-321363632.6,-230589983.4,-246354258.1,-372288521.1,-366670137.8,-456029798.4,-385182803.3,-38822257.59,-49983671.87,-390632574.9,-1071725156,
"Hong Kong SAR, China",Asia,https://www.countryflags.io/hk/flat/64.png,,,,,,,,,,,,,,,,,,,,,,,,,,,,,,,,,,,,,,,2869598898,10665499440,7544767609,10391654658,13128959285,17408758879,16822246082,21574646020,24555234186,27554630254,32872053518,21155607433,16012190300,13808455084,4147336655,4190681087,4057155168,10264062288,12711203776,15885313523,15555887537,
Honduras,Americas,https://www.countryflags.io/hn/flat/64.png,,,,,,,,,,,,,,,-103950000,-112100000,-104750000,-128700000,-157200000,-192100000,-316800000,-302700000,-228250371,-219200000,-316450000,-220149221.4,-117149316.1,-163970736.7,-110771878.2,-170266491.1,-51400000,-172400000,-258000000,-308700000,-343300000,-200900000,-335400000,-272200000,-147700000,-240900000,-508263274.3,-478666907.6,-281571254,-552820451.2,-683390969.5,-304335008.5,-382653481.2,-1116156503,-2129853584,-556653464.8,-681533548.9,-1408660827,-1580746022,-1762523570,-1372124152,-979925940.7,-567143498.4,-43603327.52,-1263363274,
Croatia,Europe,https://www.countryflags.io/hr/flat/64.png,,,,,,,,,,,,,,,,,,,,,,,,,,,,,,,,,,694283341.4,770534186.2,-1441887231,-1091425767,-2499582650,-1369291315,-1502446735,-503306657.2,-668075030.8,-1861881272,-2129923194,-1800255662,-2478708459,-3246164895,-4351942651,-6213967990,-3158042324,-894404541.5,-375677421.4,-207948363.4,566902270.9,448060736.1,2491562517,1389873897,2997454900,1459036224,
Haiti,Americas,https://www.countryflags.io/ht/flat/64.png,,,,,,,,,,,,4980000.001,8219969.71,1179999.999,-20959982.62,-24540000,-12400000,-37500000.01,-44640000.01,-52560000.01,-100840000,-148800000,-98520000.02,-111179988.5,-102980000,-94659641.01,-44896982.48,-31140622.4,-40364936.77,-62658170.46,-21900000,-91520000,7260000,-11830000,-23390000,-87070000,-137720000,-47700000,28710000,-59820000,-114210000,-131900000,-88950000,-44780000,-62380000,7048000,-85029000,-85773000,-204814583.8,-122185676.9,-101824279.2,-323623966.9,-431148219.8,-560837856,-750652437.4,-270775987.5,-72459348.34,-265013110.3,-342991166.7,
Hungary,Europe,https://www.countryflags.io/hu/flat/64.png,,,,,,,,,,,,,,,,,,,,,,,-530950258.7,-180988794.5,38965735.86,-454953570.9,-1365024333,-675976875.6,-572012791,-588084499.9,378583738.3,403164330.9,351916420.3,-4262485321,-4053569973,-1711883518,-1854085270,-2139729352,-3721634281,-4108992899,-4173563162,-3289609794,-4361443386,-7039900025,-9445878133,-11181808085,-8422271299,-10209896208,-11125011069,-892033654.2,341646259.6,886554259.9,1989672607,4665997538,1604607987,2925516290,5854912155,3150176782,-677865387.3,
Indonesia,Asia,https://www.countryflags.io/id/flat/64.png,,,,,,,,,,,,,,,,,,,,,,-566000000,-5324000000,-6338000000,-1856000000,-1923000000,-3911000000,-2098000000,-1397000000,-1108000000,-2988000000,-4260000000,-2780000000,-2106000000,-2792000000,-6431000000,-7663000000,-4889000000,4096965770,5782898397,7992074100,6900901091,7823542185,8106793838,1563009904,277544828.9,10859493594,10491041827,125992416.5,10628489686,5144284990,1685068008,-24417850938,-29109199017,-27509865798,-17518744569,-16952255385,-16195634380,-31046428469,
Isle of Man,Europe,https://www.countryflags.io/im/flat/64.png,,,,,,,,,,,,,,,,,,,,,,,,,,,,,,,,,,,,,,,,,,,,,,,,,,,,,,,,,,,,
India,Asia,https://www.countryflags.io/in/flat/64.png,,,,,,,,,,,,,,,,-147516804.4,1578867399,2119244327,692377898.6,50336977.94,-1785125731,-2698332267,-2523543846,-1936941637,-2311069806,-4140583148,-4567699251,-5171168794,-7143232480,-6812769371,-7035654412,-4291734332,-4485223626,-1875802280,-1676281518,-5563227578,-5956139582,-2965195307,-6903105373,-3228022816,-4601248652,1410181566,7059496037,8772510264,780195721.5,-10283543308,-9299060317,-8075694484,-30971987181,-26186435957,-54515877624,-62517637222,-91471245846,-49122670388,-27314281993,-22456838010,-12113787707,-38167659224,-65599439053,
Ireland,Europe,https://www.countryflags.io/ie/flat/64.png,,,,,,,,,,,,,,,,,,,,,,,,,,,,,,,,,,,,,,,,,,,,,,-7144573583,-7862125527,-13848550480,-15302982166,-5007385900,2319661325,2829018505,9240448060,14436274710,8918824412,31682331970,14349608168,3397575467,40900554448,
"Iran, Islamic Rep.",Asia,https://www.countryflags.io/ir/flat/64.png,,,,,,,,,,,,,,,,,7660000000,2816000000,104000000,11968000000,-2438000000,-3446000000,5733000000,358000000,-414000000,-476000000,-5155000000,-2090000000,-1869000000,-191000000,327000000,-9448000000,-6504000000,-4215000000,4956000000,3358000000,5232000000,2213000000,-2139000000,6555000000,12481000000,,,,,,,,,,,,,,,,,,,
Iraq,Asia,https://www.countryflags.io/iq/flat/64.png,,,,,,,,,,,,,,,,,,,,,,,,,,,,,,,,,,,,,,,,,,,,,,-3335400000,2681400000,15519330000,28440300000,-1128500000,6488300000,26126000000,29541000000,16092482324,15855500000,-2761814222,2157940000,14892456000,34369500000,
Iceland,Europe,https://www.countryflags.io/is/flat/64.png,,,,,,,,,,,,,,,,,-23900000,-48400000,20000000,-18800000,-76300000,-147500000,-260800000,-56200000,-132600000,-114900000,16100000,-188300000,-231200000,-102000000,-133579137.4,-269144886,-160317456.6,36855575.55,115625098.3,12943362.42,-181961545.3,-177771444.6,-610718416.8,-637734663,-913914840.4,-379909741.9,112839097.5,-566018090.2,-1362939242,-2653254418,-3974355923,-2955849018,-4338343638,-1257163348,-881086127.4,-770298543.1,-551498813.3,925852693.3,686690283.3,888122196.3,1592738596,930728353.3,731283429.8,
Israel,Asia,https://www.countryflags.io/il/flat/64.png,-41000000,-103000000,,,,-190000000,-160000000,-20000000,-184000000,-395000000,-617000000,-545000000,-216000000,-525000000,-1563000000,-1822000000,-676000000,-356000000,-1009000000,-920000000,-871000000,-1361200000,-2257100000,-2372600000,-1577800000,987700000,1276700000,-1407300000,-837900000,208400000,163400000,-1278400000,-875000000,-2479800000,-3447100000,-4789700000,-5171700000,-3274200000,-987700000,-1901100000,-2056400000,-2031500000,-1290600000,634800000,2352700000,4540100000,6883600000,5433700000,2532600000,7357100000,8091300000,4303600000,1094800000,8221000000,12530900000,15428700000,11224600000,8191900000,9276500000,
Italy,Europe,https://www.countryflags.io/it/flat/64.png,,,,,,,,,,,816480159.2,1617368233,1982312478,-2840983359,-8271487421,-656143154.9,-2857931546,2343792335,6051495317,5923431268,-10568983428,-10374488962,-7398297748,647025844.3,-3205948960,-4088275110,2424881554,-2568855667,-7150418029,-12829875345,-16437768133,-24301559517,-29279160439,7732702840,13199668907,25096131774,39973598785,32276687023,20107131271,14007387957,675510141.1,6107079804,-3390943148,-9309289321,-6476876839,-17000913298,-28764140573,-30521264104,-66827457034,-40358960061,-72993785933,-68277003215,-7328074418,21281996590,40172048365,25379134924,48418400178,53443391036,53839134099,
Jamaica,Americas,https://www.countryflags.io/jm/flat/64.png,,,,,,,,,,,,,,,,,-263800000,-12700000,-21700000,-106500000,-136100000,-306800000,-378222505.1,-335087537.6,-312108595.8,-270616770.4,-16053945.69,-124791566.7,47494105.52,-282414243.6,-312099294.3,-240100000,28500000,-184010000,81600000,-98900000,-142600000,-332200000,-333800000,-216300000,-367400000,-758800000,-1074035000,-773356367.3,-501560989.5,-1071321664,-1182858296,-2038139959,-2793264220,-1127502303,-934005337.2,-2063190118,-1440188623,-1356845226,-1114354109,-430100946,-43463029.59,-385611374.7,-287575331,
Jordan,Asia,https://www.countryflags.io/jo/flat/64.png,,,,,,,,,,,,,6439992.893,12478282.16,3415176.849,44716612.52,36146393,-16488056.42,-288441286.4,-6467727.716,373904639,-38922616.67,-332711821.1,-390679533.4,-264744680.6,-260474547,-39758700.7,-351817386.6,-293726235.5,384911700.5,-227133951.4,-393540845.4,-835222713,-629090658.8,-397985562.2,-258624042.1,-221861777.2,29337094.5,14104372.36,404936530.3,27581390.01,-24030934.39,501306213.6,1198530228,39195475.25,-2271235045,-1725938857,-2874692560,-2054052823,-1243195603,-1881948409,-2956017204,-4711237324,-3503873260,-2608028169,-3405774648,-3689014085,-4301267606,-2849859155,
Japan,Asia,https://www.countryflags.io/jp/flat/64.png,,,,,,,,,,,,,,,,,,,,,,,,,,,,,,,,,,,,,68994126647,95455879688,1.14685E+11,1.14126E+11,1.3069E+11,86219920754,1.08861E+11,1.39381E+11,1.81994E+11,1.70123E+11,1.74673E+11,2.11736E+11,1.42116E+11,1.45678E+11,2.20888E+11,1.29597E+11,60116999697,46378535980,36351469240,1.36472E+11,1.97049E+11,2.01639E+11,1.74719E+11,
Kazakhstan,Asia,https://www.countryflags.io/kz/flat/64.png,,,,,,,,,,,,,,,,,,,,,,,,,,,,,,,,,,,,-213100000,-751000000,-799300000,-1224900000,-171000000,366309483.6,-1389516440,-1024341044,-272631279.6,335427745.4,-1036013058,-1999920744,-8372284371,6250108639,-4120774908,1385714548,10198631340,2246742419,1954124005,6113706868,-6011602481,-8132081782,-5101859087,-288852181.1,
Kenya,Africa,https://www.countryflags.io/ke/flat/64.png,,,,,,,,,,,,,,,,-214892885,-118502396.7,36730232.06,-659234149,-492791450.2,-876258180.9,-561591703.4,-305337920.3,-47252316.61,-126891623.5,-115018657.6,-44990239.28,-502051364.9,-471288266.8,-590420205.6,-527083700,-213320795.5,-180154267.2,-261869235.6,-448915490.3,-1578240552,-961189672.7,-1790669371,-2632734196,-2365219130,-199391622.2,-320276833.9,-117669073.5,132419234.8,-131773010.5,-252316724.2,-510433478.2,-1032048241,-1982595677,-1688505911,-2368671950,-3819304011,-4216145263,-4842146888,-6377926517,-4288946563,-3697337384,-5018267205,,
Kyrgyz Republic,Asia,https://www.countryflags.io/kg/flat/64.png,,,,,,,,,,,,,,,,,,,,,,,,,,,,,,,,,,-87594000,-83974000,-234717000,-424755000,-138515000,-363917362.4,-183754530.2,-76084940.66,-18993009.93,-29317597.93,-42167038.4,29275302.49,-37440749.15,-286120441.2,-227620109.9,-713239578.2,-202340394.3,-474562170.6,-477060803.4,-1025463796,-1010431639,-1301273206,-1052430545,-792242626.4,-535561906,-718465826.6,
Cambodia,Asia,https://www.countryflags.io/kh/flat/64.png,,,,,,,,,,,,,,,,,,,,,,,,,,,,,,,,,-93000000,-103922000,-156600000,-185700000,-184900000,-209900000,-173578729,-187558123.7,-136092729,-87877926.79,-107306836.8,-233437993.7,-182913053.6,-306993470,-233868557.3,-423329899.8,-819975437.4,-741414916.6,-980977704.3,-1018316576,-1200013121,-1274297316,-1413730489,-1567401116,-1733013535,-1797184567,-2992417483,
Kiribati,Oceania,https://www.countryflags.io/ki/flat/64.png,,,,,,,,,,,,,,,,,,,,20828468.35,2420738.651,-3580726.022,-2654527.5,4854889.352,12010328.93,-1716606.316,-2627050.713,-3295803.05,-1836068.989,-1537249.031,-9186947.234,4286640.697,-9094124.89,-4105238.821,1382561.76,,,,,,,,,,,,-9676457.39,-2509439.826,-5247202.179,-16565244.54,194588.0061,-17302046.91,3619986.077,-10131369.34,56046361.63,56247992.7,19219652.97,70501111.17,,
St. Kitts and Nevis,Americas,https://www.countryflags.io/kn/flat/64.png,,,,,,,,,,,,,,,,,,,,,-2662962.963,-4696296.296,-8722222.222,-14740740.74,-4337037.037,-6677777.778,-8896296.296,-16114814.81,-27525925.93,-38374074.07,-46970370.37,-35588888.89,-14996296.3,-29288888.89,-24300000,-45462962.96,-65077777.78,-60414814.81,-46307407.41,-67196296.3,-66207407.41,-107408518.5,-124597773.3,-115791775.2,-68379595.56,-64720367.78,-85109481.85,-113034715.9,-203331386.7,-180115761.9,-138581159.6,-102198873.7,-84747152.96,-62703314.07,906827.5449,-79919646.28,-123636980.5,-109778172.5,-72366082.9,
"Korea, Rep.",Asia,https://www.countryflags.io/kr/flat/64.png,,,,,,,,,,,,,,,,,-310000000,12000000,-1085000000,-4151000000,-6845000000,-6421900000,-5542100000,-3505600000,-1755800000,-2079300000,2762200000,8827700000,12757700000,3766400000,-2804200000,-8033500000,-2901200000,1688100000,-4793500000,-10229700000,-24461100000,-10811500000,40112800000,21784600000,10180800000,2165200000,4066100000,11308300000,29289900000,12208600000,2094800000,10472500000,1753000000,33087600000,27950500000,16638200000,48790600000,77258900000,83029600000,1.05119E+11,97923700000,75230900000,76408500000,
Kuwait,Asia,https://www.countryflags.io/kw/flat/64.png,,,,,,,,,,,,,,,,5930373301,6929162787,4560903961,6129733319,14032112650,15301663132,13698712081,4963339383,5310888254,6427709530,4797953141,5616070037,4561060707,4601668105,9136106370,3886221421,-26478480600,-450169836.8,2498686384,3243108695,5015953869,7107345148,7934759334,2214889280,5009614079,14672132907,8323614606,4264689770,9424132295,15507974211,30070547945,45311775629,41330130543,60239349741,28972202232,36989237366,66145829374,79122068568,69492793731,53965916438,8584241437,641706076.7,7757168972,24049115228,
Lao PDR,Asia,https://www.countryflags.io/la/flat/64.png,,,,,,,,,,,,,,,,,,,,,,,,,-121500000,-114000000,-111100000,-138100000,-77700000,-81300000,-54900000,-29600000,-48400000,-35700000,-160300000,-236700000,-265100000,-206000000,-76500000,89700000,-8470000,-67328448.59,8271369.052,-29706046.23,-178236964.9,-173786566.8,75308544.51,139406173.6,77543822.62,-60905624.7,29309198.01,-206325894.9,-745403272.4,-936002554.2,-1924464372,-2267608963,-1384744200,-1259801184,-1430372876,
Lebanon,Asia,https://www.countryflags.io/lb/flat/64.png,,,,,,,,,,,,,,,,,,,,,,,,,,,,,,,,,,,,,,,,,,,-4540835503,-5138387089,-4405595914,-2748000878,-1116363496,-1604778256,-4102657996,-6740936422,-7552051024,-5523546175,-10316751674,-11959785597,-12615309907,-8541780207,-10473958019,-12133902089,-12445109298,
Liberia,Africa,https://www.countryflags.io/lr/flat/64.png,,,,,,,,,,,,,,,,,,,,348846.7639,990795.6944,1624430.166,74377.56856,-2209443.311,-18478.12686,1217941.284,-381147.3898,-3124519.915,,,,,,,,,,,,,,,,,-159726914.2,-183546381.8,-172814378.9,-223159911.4,-354304953.9,-277191423.3,-853418361.4,-1258598622,-1674844201,-1042787198,-642544587.9,171113280.7,-276040465.4,-565563643.6,-674092298.9,
Libya,Africa,https://www.countryflags.io/ly/flat/64.png,,,,,,,,,,,,,,,,,,2159087462,738048514.4,3770971906,8213794453,-3963496260,-1559518065,-1643286849,-1456495967,1906415405,-155360342.8,-1035927025,-1826318166,-1026362818,2201095366,-219073019,1407193323,-1365770941,26408839.08,1672147484,1237638017,1566615501,-209164556.8,2136000427,6270000000,3332000000,694000000,3402000000,4616000000,14945000000,22170000000,28510300000,35701700000,9380600000,16800700000,3192400000,23836300000,9600000,-19033300000,-9346000000,-4705200000,,,
St. Lucia,Americas,https://www.countryflags.io/lc/flat/64.png,,,,,,,,,,,,,,,,,-5396472.788,-10900000,-23000000,-28100000,-33300000,-39800000,-30800000,-4911111.111,-13400000,-12500000,-6681481.481,-14314814.81,-17914814.81,-63259259.26,-57044444.44,-71848148.15,-56037037.04,-50170370.37,-48377777.78,-36218518.52,-57844444.44,-78692592.59,-60159259.26,-110988888.9,-94803703.7,-107575925.9,-106003341.1,-147549312.2,-91144132.59,-129471038.1,-308990836.3,-344664305.2,-339860354.1,-136742930.4,-202755071.1,-242683181.5,-182930383.3,-100327087.8,-4668853.114,37546673.99,-77505735.35,27252184.31,102844196.8,
Liechtenstein,Europe,https://www.countryflags.io/li/flat/64.png,,,,,,,,,,,,,,,,,,,,,,,,,,,,,,,,,,,,,,,,,,,,,,,,,,,,,,,,,,,,
Sri Lanka,Asia,https://www.countryflags.io/lk/flat/64.png,,,,,,,,,,,,,,,,-110030207.2,-5943889.682,142192809.1,-65570665.43,-226308882.9,-655303058.9,-444426399,-548318353.4,-466000705.7,878908.563,-418450274.1,-417074091.5,-326054896.8,-394468796.4,-413707865.3,-298300713.1,-594774953.5,-450662935.9,-382223696.2,-757411776.4,-769939154.8,-682656885,-394678986.3,-227660153.8,-561348399.3,-1043587519,-215490000,-236350000,-70720000,-647570000,-650126930,-1498011000,-1400900000,-3885400000,-214700000,-1075030000,-4615420000,-4009149851,-2540575154,-1987684224,-1882774084,-1742399715,-2308995623,-2813681478,
Lesotho,Africa,https://www.countryflags.io/ls/flat/64.png,,,,,,,,,,,,,,,,-1081800.69,-34154999.97,-9199999.992,8509999.993,,56327811.57,4273119.85,132541466.9,169448943.4,159442343,142151435.7,137653411.9,250934735.5,109729030.2,70934079.27,101686601.6,-119075681.2,-163476904.2,-111904463.9,-27227337.81,-164901566.7,-250408963.6,-252956269.9,-240934449.8,-201708993.5,-76176203.06,20832633.78,51241059.74,44455844,100744817.9,165736270.7,283300471,373218833,344735039,55187815.94,-158319246.9,-210838128.9,-377094095,-167685028.4,-122512645.7,-77639214.66,-160074082.9,-114546481.6,-4044457.731,
Lithuania,Europe,https://www.countryflags.io/lt/flat/64.png,,,,,,,,,,,,,,,,,,,,,,,,,,,,,,,,,,-85706585.79,-93994052.67,-614365000,-722610000,-981337500,-1298212500,-1194080000,-674897500,-573575000,-720695986.2,-1278352881,-1765646999,-1919874861,-3221801193,-6110167740,-6488341255,870122235.3,72423566.03,-1592642666,-686066798.9,791119636.1,1651986577,-1014920719,-344691889.6,462920669,817584208.6,
Luxembourg,Europe,https://www.countryflags.io/lu/flat/64.png,,,,,,,,,,,,,,,,,,,,,,,,,,,,,,,,,,,,,,,,1649502208,2504744872,1654765115,2104877199,1946070940,4145574330,4104514089,4211880596,4990207755,4357316568,3549715835,3583714365,3587036822,3208057140,3427890490,3344743190,2949098684,2957525197,3335727845,3426284903,
Latvia,Europe,https://www.countryflags.io/lv/flat/64.png,,,,,,,,,,,,,,,,,,,,,,,,,,,,,,,,,191424010,416796000,201218000,-16164000,-279783000,-345041000,-649503000,-654300000,-290706944.7,-500858721.5,-522806938.3,-849262842.5,-1679792107,-1986928141,-4520558737,-6426791354,-4483621315,2059020546,434885510.7,-921392612,-1026550015,-829023257,-719686383.4,-241147383.9,396602296.2,299766146,-210956999.6,
"Macao SAR, China",Asia,https://www.countryflags.io/mo/flat/64.png,,,,,,,,,,,,,,,,,,,,,,,,,,,,,,,,,,,,,,,,,,,2352351977,2550727393,3521216878,2901446021,2180265263,3968011339,3353747644,6048659418,11089099348,14999069668,16892522030,20741610944,18912088104,11484141168,12308552259,16730850025,19572470344,
St. Martin (French part),Americas,https://www.countryflags.io/mf/flat/64.png,,,,,,,,,,,,,,,,,,,,,,,,,,,,,,,,,,,,,,,,,,,,,,,,,,,,,,,,,,,,
Morocco,Africa,https://www.countryflags.io/ma/flat/64.png,,,,,,,,,,,,,,,,-503888044.2,-1368086100,-1824865401,-1311358689,-1502384825,-1406658306,-1827685478,-1867120082,-885744515.1,-984196954.4,-890567062.4,-208627743.1,181711298.3,472778010.6,-787331073.7,-195575488.8,-413252091.8,-432660351.7,-521362687.3,-722938828.4,-1185915729,34993614.62,-87224802.77,-143788026.7,-166863530.8,-474860979.7,1611062574,1476900043,1581783222,969563446.4,1040567278,1411234502,-122036473.8,-4528477180,-4971330652,-3925169125,-7999598422,-9571267652,-7844020645,-6597266905,-2160696677,-4179669587,-3677255014,-6444747450,
Monaco,Europe,https://www.countryflags.io/mc/flat/64.png,,,,,,,,,,,,,,,,,,,,,,,,,,,,,,,,,,,,,,,,,,,,,,,,,,,,,,,,,,,,
Moldova,Europe,https://www.countryflags.io/md/flat/64.png,,,,,,,,,,,,,,,,,,,,,,,,,,,,,,,,,,,-82026000,-84610000,-191830000,-274890000,-334710000,-67880000,-98190000,-26780000,-19800000,-130130000,-46130000,-225810000,-386420000,-671100000,-975570000,-485190000,-481468750.4,-851953937.8,-643620000,-490310000,-568300000,-462840000,-282300000,-555320000,-1211370000,
Madagascar,Africa,https://www.countryflags.io/mg/flat/64.png,,,,,,,,,,,,,,,-39633782.19,-55619822.34,-28123087.33,-15141724.71,-79368948.18,-426098368.4,-556326653.9,-362827571.9,-299335934,-247090732.7,-193299620.5,-183550479.1,-142656012,-140823159.7,-149995735.9,-83851101.15,-264980680.2,-229753290.9,-197653749.2,-258185034.1,-277035201.3,-275980228,-152645058.9,-201825386.3,-289361282.4,-224500399.8,-260476541.2,-140063581,-477029187.8,-327949592.4,-398999255.4,-734214649.8,-585538628.4,-979709957.4,-1706860674,-1769024051,-916693221.2,-775536770.3,-877914125.5,-687508264.1,-115527807.2,-280513699.4,20485454.42,-65323517.12,80122318.46,
Maldives,Asia,https://www.countryflags.io/mv/flat/64.png,,,,,,,,,,,,,,,,,,,1600000,-4800000,-22200000,-20200000,-19100000,-24200000,-16300000,-5500000,-295173.4679,8055941.597,9042357.726,10619618.8,9853912,-8984014.927,-19638629.25,-53805798.06,-11109494.95,-18162206.01,-7445961.433,-34706490.05,-21862662.25,-78930519.09,-51479290.23,-58723617.88,-35585588.63,-31296378.24,-122325301.4,-273009395.2,-301975113,-268951457.1,-611703269.2,-220831374.8,-196081418.9,-383438933.2,-184492004.3,-127393868.8,-117822005.7,-301696716.4,-1032409715,-1026083631,-1388151608,
Mexico,Americas,https://www.countryflags.io/mx/flat/64.png,,,,,,,,,,,,,,,,,,,,-5409000000,-10422000000,-16240000000,-5889000000,5866000000,4183000000,800000000,-1377000000,4247000000,-2374000000,-5825000000,-7451000000,-14888000000,-24442000000,-23400000000,-29662110000,-1576440000,-2507747000,-7664937000,-15992658000,-13999734930,-18752421871,-17752510948,-14876376870,-8345010848,-7016644514,-9053204873,-3431924101,-9897974735,-16772896035,-7761251481,-4798822324,-11813719721,-18585892619,-31373530362,-24951830113,-30878173902,-24241749511,-20111834777,-21995659963,
Marshall Islands,Oceania,https://www.countryflags.io/mh/flat/64.png,,,,,,,,,,,,,,,,,,,,,,,,,,,,,,,,,,,,,,,,,,,,,,-2541299.362,-6182935.888,-8222529.681,-5516075.899,-26400463.89,-14340438.83,-5779247.332,-19611539.49,-28917492.15,-4879368.572,-7032235.663,-16213012.14,12920481.33,53031256.53,
Mali,Africa,https://www.countryflags.io/ml/flat/64.png,,,,,,,,,,,,,,,,-61148908.81,-42235319.65,5403012.248,-146033891.4,-113335888,-124320878.1,-140025663.7,-115187989.6,-102706013.3,-119004935.9,-209676754.6,-254110597.3,-213542321.3,-241129526.6,-150121486.1,-221145012.7,-172523247.3,-240543907.4,-188584240.5,-162624705.3,-283823393.3,-260798291.8,-178409224.4,-208188203.3,-252972583.4,-254522526.3,-310041011.2,-148811700.8,-270973700.9,-408968791.4,-437713638.5,-218554525.9,-581137708.9,-1063431021,-654868652.6,-1189940123,-656427725.5,-272666897,-374684774.4,-675835486.1,-697424418.8,-1015148560,-1209922735,,
Malta,Europe,https://www.countryflags.io/mt/flat/64.png,,,,,,,,,,,,1228176.755,22538065.8,30369038.12,5188314.2,59254125.85,55041232.05,40018075.32,72654932.51,46586883.27,38792604.43,86371678.59,12374360.84,-4856062.092,8242339.247,-25791049.88,6870360.124,22576521.38,61053628.46,-9469357.303,-55756946.41,-7369080.489,30239242.45,-84336645.54,-131535397.7,-379876740,-422330481.3,-226700442.7,-232940086.5,-134413103.3,-480425177.2,-149664786.1,106237639.1,-156279445.3,-231047639.3,-418293151.8,-530459806.5,-159302726.5,-77693874.57,-557609606.5,-419944052.3,-13070293.32,151308332.5,270411855.3,991367813.1,300472065.7,434974438.9,1345591322,1433226278,
Myanmar,Asia,https://www.countryflags.io/mm/flat/64.png,,,,,,,,,,,,,,,,,-34136683.26,-101648230.9,-217956645.7,-362276009.5,-350464773.2,-316803089.7,-503943870.6,-353341309.2,-219973645.7,-205473782.2,-294031902.6,-179963485.6,-175909957.3,-67996088.09,-431312097.3,-267423060.2,-114405185.2,-227817661.5,-129890407.4,-258458643.4,-279839473.4,-412031207.6,-494217241.2,-281887685.7,-210121258.6,-151992286.2,95581258.88,-19091581.12,110259950.1,581822509.2,793885290.1,1380740925,1247028551,986009643.9,1574156747,-1561122334,-1259646752,-388582899.8,-2129135346,-2837676448,-1776053464,-4503667263,-2137161106,
Montenegro,Europe,https://www.countryflags.io/me/flat/64.png,,,,,,,,,,,,,,,,,,,,,,,,,,,,,,,,,,,,,,,,,,,,,,,,-1464069435,-2256801720,-1151541798,-852057845.6,-664732305,-638662379.1,-511433327.2,-570438527.3,-443138379.6,-707487309.8,-761410656.9,-943038608.6,
Mongolia,Asia,https://www.countryflags.io/mn/flat/64.png,,,,,,,,,,,,,,,,,,,,,,-807500000,-845500000,-824100000,-740000000,-813500000,-1060600000,-990600000,-1033300000,-1190420000,-619040000,-94450000,-48240000,38450000,46240000,38900000,-36900000,67980000,-75600000,-57789608.89,-69867709.78,-61700000,-105158905.7,-98669088.32,63004360.64,87510299.51,372155596.5,171787335.6,-690742251.5,-341783224.2,-885472136.5,-4512180734,-5380697482,-4731842598,-1934341990,-948455403,-699671011.2,-1155443732,-1902507512,
Northern Mariana Islands,Oceania,https://www.countryflags.io/mp/flat/64.png,,,,,,,,,,,,,,,,,,,,,,,,,,,,,,,,,,,,,,,,,,,,,,,,,,,,,,,,,,,,
Mozambique,Africa,https://www.countryflags.io/mz/flat/64.png,,,,,,,,,,,,,,,,,,,,,,,,,,,,,,,,,,,,,,,,,,,,,,-760592537.1,-755428331.4,-786196628.2,-1147202860,-1226187572,-1679440917,-3328861901,-6789977472,-6253446234,-5797145543,-5967850296,-3845999938,-2585545862,-4500762108,
Mauritania,Africa,https://www.countryflags.io/mr/flat/64.png,,,,,,,,,,,,,,,,-63195624.56,-85943731.04,-122228474.5,-78212052.74,-96940301.73,-133252297.9,-147129955.5,-276566516.1,-213021249.2,-110694317.9,-116033336.7,-194265311.3,-147220002.2,-95878248.6,-18585620.78,-9626716.62,-29873391.98,-118273979,-174014775.8,-69852316.41,22108629.48,91282960.66,47829045.57,77245977.6,,,,,,,,,,,,,,-1226092286,-1261758969,-1473118227,-955946938.1,-706785516.3,-709000689.8,-972886440,
Mauritius,Africa,https://www.countryflags.io/mu/flat/64.png,,,,,,,,,,,,,,,,,-35171611.28,-77943993.85,-117145511.1,-145685513.2,-117122051,-146812945,-41112710.45,-19135159.15,-51085722.57,-29528929.39,94086312.62,65071121.39,-56185105.74,-103542567.9,-119285765.5,-16610968.46,-128508.2071,-92021628.48,-232066531.7,-21856268.2,33986947.53,-88947951.83,3292675.048,-124196927,-36940503.49,276080863.6,249387193.7,93176694.52,-111788457.3,-323951478.2,-604410278.3,-433934955.4,-975764097.8,-654971647.3,-1005773529,-1560299125,-827512079.1,-750275471.4,-690030757.3,-416984417.4,-491351517.4,-612227401.3,-815323260.2,
Malawi,Africa,https://www.countryflags.io/mw/flat/64.png,,,,,,,,,,,,,,,,,,-61798941.79,-175052872.1,-265645570.6,-259626355.1,-145567806.7,-111697296.7,-130833218,-41746255.91,-126394341.8,-84853744.47,-60603068.9,-86858722.1,-51238143.65,-86189153.19,-227694914.5,-284907447.1,-165554553.2,-180682328.7,-78039051.3,-147425934.2,-276209986.4,-4375905.848,-157545476.6,-73496265.41,-59950909.98,-200692464.3,-248981345.9,-378990003.5,-506711224.3,-306569427.6,-418028260,-693380877.6,-543638747.9,-969283246.3,-1136712570,-744669912.1,-1236181856,-1128539241,-930243215.8,-1052817636,-1414162031,-1426524326,
Malaysia,Asia,https://www.countryflags.io/my/flat/64.png,,,,,,,,,,,,,,,-538414668.1,-491272532.4,585857195,446921321.7,126940721.5,941309074.9,-265976587.4,-2469050074,-3585265856,-3482175553,-1656823249,-600070478.1,-101493674.4,2575369613,1867279335,314525581.4,-869910809.2,-4182807690,-2167322023,-2990954102,-4520137131,-8643572906,-4461946169,-5935251479,9528651059,12603657895,8487894737,7286842368,7189736842,13381157895,15079434211,19979946360,26199509355,29770093208,38914368952,31800960631,25643752186,32491635332,16315757810,11205218343,14846482443,9067534382,7132796677,8960171430,7590221354,
Namibia,Africa,https://www.countryflags.io/na/flat/64.png,,,,,,,,,,,,,,,,,,,,,,,,,,,,,,,27557463.72,105094855.2,49754311.06,110198432.4,85332922.78,175926398.2,115761707.3,90365335.07,161840450.5,-27604058.73,191523457.7,10539837.94,85854159.34,265693025.1,446295605.3,333375875.1,1082362671,748805758.3,-9491787.003,-306596638.4,-389737528.9,-850801702,-889737955.7,-966767104.7,-1171825843,-1565472043,-1757859271,-558450409.9,-354541982.1,
New Caledonia,Oceania,https://www.countryflags.io/nc/flat/64.png,,,,,,,,,,,,,,,,,,,,,,,,,,,,,,,,,,,,,,,,,,,-107219388.9,-37160002.28,256540789.8,-112453008.7,-413798351.3,-293993593.9,-1418710989,-823625797.2,-1359876978,-1391622245,-1933761487,-1803595722,-1300471988,-1119379998,-654237057.4,,,
Niger,Africa,https://www.countryflags.io/ne/flat/64.png,,,,,,,,,,,,,,,-27801704.33,12052470.92,-19974848.83,-95628581.79,-200960878.9,-137564750.9,-275691606.2,-181495368.1,-232813585.8,-61834427.03,1196915.028,-63982572.31,-155948828.6,-176770505.3,-230496594.1,-256874194.6,-235884340.7,-176181434.9,-159170022.9,-97180920.05,-126148068.5,-151662303.4,-108782593.4,-132922856.1,-152381946.9,-137170893.4,-104134088,-92261183.21,-164789015.7,-218681919.1,-230860319.8,-311510756.1,-313727486.9,-351265737.8,-651441662.1,-1320057385,-1135972346,-1431058472,-1021688747,-1150273170,-1305192726,-1485618855,-1180857760,-1271221075,,
Nigeria,Africa,https://www.countryflags.io/ng/flat/64.png,,,,,,,,,,,,,,,,,,-1015974749,-3754297406,1670509407,5177576689,-6473930833,-7281784833,-4331801942,122630964,2603566207,210883527.4,-73206490.58,-296453577.6,1089516459,4988245134,1202560682,2267772911,-780390880.7,-2127932351,-802326715.4,1098803755,168239307.8,-1209158482,505750064.2,7427061116,2477762769,1083110754,3390606192,16840536008,36529017085,36517576728,27648255974,29150286202,13867468185,13111231068,10668439200,17374338021,19049034720,906535877.2,-15438642534,2722336503,10399243209,5334442800,
Nicaragua,Americas,https://www.countryflags.io/ni/flat/64.png,,,,,,,,,,,,,,,,,,-181900000,-24900000,180200000,-411420000,-591600000,-513900000,-507400000,-597100000,-770900000,-690500000,-690400000,-715400000,-361700000,-305200000,-264200000,-769000000,-604300000,-910908000,-722479494,-824772000,-840766000,-686636000,-928378000,-935700000,-820300000,-784100000,-705500000,-687400000,-783570000,-891900000,-1132300000,-1448400000,-705500000,-780300000,-1166100000,-1131900000,-1198700000,-844000000,-1144900000,-870800000,-675100000,83000000,
Netherlands,Europe,https://www.countryflags.io/nl/flat/64.png,,,,,,,,607182320,753867402.8,760220993.9,193093922.5,524464561.1,2100762925,3223947552,3039990055,2393845028,3587007747,1413306611,-904480650.8,349720839,-854956679.2,3825980501,5025236975,5088774472,6380197848,4247718696,4318239793,4186503695,7131957793,10038843475,8088821798,7466488033,6846502367,13203348828,17294219708,25772729768,21502347231,25076694617,13031045494,15681703603,7257328230,9813967287,11032388748,29892053162,44314391423,41570269413,57194899544,50053545968,38962664854,50062869722,61803347055,81373336078,89514058236,85496733373,75952978908,48500916942,62920875900,90173944092,99065091765,
Norway,Europe,https://www.countryflags.io/no/flat/64.png,,,,,,,,,,,,,,,,-2478228757,-3746279712,-5053108650,-2118113645,-1047426943,1078687823,2136764595,638766859.7,1956387162,2881822825,3030387093,-4521051471,-4099259584,-3888621345,223955723.2,3985258850,5026770749,4470994653,3522208211,3760210474,5232528309,10968918558,10035949221,6108453.835,8858629384,25078840854,27545727413,24269038603,27697714178,32999994939,49967488000,55913071665,49732367558,72915061387,45169002359,50258127256,66453557988,63595359983,53449786436,54964662113,31105578188,14765907707,18440818212,31372952650,
Nepal,Asia,https://www.countryflags.io/np/flat/64.png,,,,,,,,,,,,,,,,,18536000,-1576000,-25740866.96,-11375000,-38850000,-19105770.52,-85414692.59,-145571091,-95169431.12,-121612074.9,-119209072.1,-123333258.1,-271450571.1,-243287629.4,-289196443.8,-304407743.7,-181318183,-222500901.1,-351883587.9,-356390023.1,-326600522.8,-388085536.4,-67194167.98,-78677776.32,-130649853.8,-164687682,215187101.2,180266177.6,99960063.22,153094707.2,150080619.4,5659482.662,733341812.3,21414155.63,-127615743,288604650.2,577455898.4,1159387766,496227113.2,2446630400,-167829918.9,-1032639388,-2774671388,
Nauru,Oceania,https://www.countryflags.io/nr/flat/64.png,,,,,,,,,,,,,,,,,,,,,,,,,,,,,,,,,,,,,,,,,,,,,,,,,18628776.88,29944891.54,23679103.79,19760151.51,34861910.68,45855066.29,26029493.7,-16701707.68,2079369.669,14109926.57,8406408.34,
New Zealand,Oceania,https://www.countryflags.io/nz/flat/64.png,,,,,,,,,,,,,,,,,,,,,,,,,,,,,,,,,,,,,,,,,-1738067390,-418287193.4,-1395997086,-2123309062,-4683953459,-8025095173,-7880410400,-9324756786,-10263738398,-3010196174,-3429382027,-4822842307,-6887303081,-5836899943,-6198367347,-4654881615,-3974007745,-5560678672,-7708679949,
Oman,Asia,https://www.countryflags.io/om/flat/64.png,,,,,,,,,,,,,,,179212507.8,57324840.93,36479444.23,276780545.1,-49507817.17,548639260.4,942385642.6,1236537352,488708744.9,494499132.9,302839482.4,-10133325.61,-1039839800,784395318.6,-309492847.9,305331599.5,1106371912,-250715214.6,-598439531.9,-1190117035,-804941482.4,-800520156,242699996.8,-165899997.8,-3163599979,-459499997,3129401300,2082444733,1941222367,1453836151,876566970.1,5177529259,5664395319,2462158648,5018985696,-501061529.3,4634013727,8845124415,7819215214,5203645498,4205464184,-10953998389,-12539416597,-10980594917,-4346728192,
Pakistan,Asia,https://www.countryflags.io/pk/flat/64.png,,,,,,,,,,,,,,,,,-749996517.8,-730510816.6,-714881660.5,-1111090917,-866098820.4,-912377360.6,-794673752.5,43256335.48,-1183920882,-1067173406,-636062431.9,-556309626.8,-1422305787,-1338030462,-1661409655,-1266420092,-1876092233,-2900570429,-1812130082,-3348753667,-4436052633,-1711627499,-2248000000,-920000000,-85000000,1878000000,3854000000,3573000000,-817000000,-3606200000,-6747000000,-8301000000,-15654500000,-3993430000,-1354000000,-2207000000,-2342000000,-4416000000,-3642000000,-2776000000,-7094000000,-16927000000,-19191340000,
Panama,Americas,https://www.countryflags.io/pa/flat/64.png,,,,,,,,,,,,,,,,,,-155400000,-207700000,-311000000,-328700000,-535000000,-194100000,198700000,-202300000,75100000,-98900000,544900000,721400000,111500000,209100000,-241100000,-264200000,-95700000,15900000,-470600000,-200600000,-506700000,-1016000000,-1158800000,-672500000,-170300000,-95522600,-536500000,-1003184015,-1064100000,-462680000,-1537200000,-2640900000,-212200000,-3112900000,-4522600000,-3735100000,-4084000000,-6677200000,-4848400000,-4634014800,-3757380100,-6792241100,
Peru,Americas,https://www.countryflags.io/pe/flat/64.png,,,,,,,,,,,,,,,,,,-922700000,-192900000,729500000,-101100000,-1727762540,-1608820725,-872002918.8,-232508909,102000000,-1393460000,-2065420000,-1818730000,-570450000,-1419000000,-1504000000,-1886000000,-2464292608,-2701265218,-4624539942,-3643879114,-3368043743,-3335969500,-1379913048,-1545828520,-1202811330,-1110307795,-948531329.4,19286880.16,1147610229,2872489024,1460344786,-5317632557,-722870310.7,-3564433461,-3373782035,-6090964812,-10379598399,-9085914700,-9525850109,-5064403888,-2668579556,-3593583886,
Philippines,Asia,https://www.countryflags.io/ph/flat/64.png,,,,,,,,,,,,,,,,,,-754000000,-1094000000,-1496000000,-1904000000,-2061000000,-3200000000,-2771000000,-1294000000,-36000000,952000000,-444000000,-390000000,-1456000000,-2695000000,-1034000000,-1000000000,-3016000000,-2950000000,-1980000000,-3953000000,-4351000000,1546000000,-2875000000,-2228000000,-1750000000,-282000000,285000000,1625000000,1990392913,6962857691,8071944587,144020966.6,8448167039,7179160967,5642727682,6949480669,11383508585,10755931843,7265677954,-1198874442,-2142968677,-8729200166,
Palau,Oceania,https://www.countryflags.io/pw/flat/64.png,,,,,,,,,,,,,,,,,,,,,,,,,,,,,,,,,,,,,,,,,,,,,,-39579662.91,-48787271.79,-36190171.8,-34224039.46,-6143244.234,-18678699.14,-25344199.08,-34484250.68,-29211556.51,-48393720.93,-24245931.79,-46248823.39,-51797200.23,,
Papua New Guinea,Oceania,https://www.countryflags.io/pg/flat/64.png,,,,,,,,,,,,,,,,,50783607.85,114291649,-32177835.94,106973113,-288721780.3,-484330220.1,-444766585.2,-337372054.5,-289547843.2,-121752923.9,-98097960.2,-197883735.4,-296365062.7,-312694224.4,-75672234,-151078831.6,95042869.62,645825235.4,568876111.3,673764983.3,313272366.3,-99019234.07,47273186.38,119988846.1,350697873.5,286147590.5,-283809328.5,42711382.85,85553628.86,539402668.5,332707961.5,56317208.64,707902766.1,-585123823,-633031917.3,-171701881,-2298708429,-3450107150,2386867556,4534477351,5180993389,5532031951,,
Poland,Europe,https://www.countryflags.io/pl/flat/64.png,,,,,,,,,,,,,,,,,-2793000000,-2392000000,-2545000000,-3365000000,-3417000000,-3986000000,-1941000000,-1581000000,-1083000000,-982000000,-1106000000,-379000000,-107000000,-1409000000,3067000000,-2146000000,-3104000000,-5788000000,634000000,854000000,-3264000000,-5744000000,-6901000000,-12487000000,-10343000000,-5946000000,-5544000000,-5473000000,-13851000000,-7981000000,-13893000000,-27429000000,-35829000000,-17867000000,-25843000000,-27322000000,-18572000000,-6709000000,-11405000000,-2626000000,-2451000000,100000000,-5820000000,
Puerto Rico,Americas,https://www.countryflags.io/pr/flat/64.png,,,,,,,,,,,,,,,,,,,,,,,,,,,,,,,,,,,,,,,,,,,,,,,,,,,,,,,,,,,,
"Korea, Dem. People’s Rep.",Asia,https://www.countryflags.io/kp/flat/64.png,,,,,,,,,,,,,,,,,,,,,,,,,,,,,,,,,,,,,,,,,,,,,,,,,,,,,,,,,,,,
Portugal,Europe,https://www.countryflags.io/pt/flat/64.png,,,,,,,,,,,,,,,,-754701919.9,-1281661620,-956582941.1,-462752447.1,-54044740.44,-1064048802,-4685750197,-3258258124,-1632320059,-623192195.6,379982443,1165538046,435179063.9,-1065786165,152947802.7,-181400582,-716355678.5,-184237319.1,232902407.9,-2195757409,-131802964.1,-4905833674,-6631659444,-8379258571,-11285823411,-12837031422,-12688673086,-11211700616,-11015502324,-15119121007,-18936787440,-21356231609,-23226935476,-31230591786,-25121217594,-24406544935,-14719312840,-3561728370,3720882132,340855577.6,470642360,2254328983,2865427670,956877938,
Paraguay,Americas,https://www.countryflags.io/py/flat/64.png,,,,,,,,,,,,,,,,-72200000,-68500000,-58600000,-112900000,-205900000,-277000000,-373500000,-374800000,-247900000,-317400000,-251700000,-364900000,-489800000,-210200000,255600000,390100000,85100000,-57300000,59100000,-274100000,-217392729.6,-69209118.89,-548682952.5,131932621.9,138717161.2,-247118010.8,-31921267.61,619819391.4,17010535.21,-9809999.123,-67505837.88,167126142.2,778964609.7,199599365.8,603744454,49432979.3,199709989.2,-286207646.3,621255959.9,-50661951.23,-144905900.2,1305357447,1214459962,8632489.218,
West Bank and Gaza,Asia,https://www.countryflags.io/ps/flat/64.png,,,,,,,,,,,,,,,,,,,,,,,,,,,,,,,,,,,,-983700000,-1424400000,-1547545000,-1038311338,-1191789252,-856611412.2,-827870113.9,-485551312.1,-1070556669,-1587942161,-1365345997,-1233496359,-418527245.5,380599256.2,-1143374926,-1306943756,-2069507447,-1821136202,-2383679798,-2149125008,-2065764580,-1941332763,-1563664362,-1659244826,
Qatar,Asia,https://www.countryflags.io/qa/flat/64.png,,,,,,,,,,,,,,,,,,,,,,,,,,,,,,,,,,,,,,,,,,,,,,,,,,,,52123601586,62000183150,60460989011,49409890110,13750824176,-8269505495,6425549451,16652197802,
Romania,Europe,https://www.countryflags.io/ro/flat/64.png,,,,,,,,,,,,-23000000,-47000000,149000000,-359000000,-135000000,-16000000,-304000000,-759000000,-1653000000,-2420000000,-833000000,1040000000,1160000000,1719000000,1381000000,1395000000,2043000000,3922000000,2514000000,-3254000000,-1012000000,-1506000000,-1174000000,-428000000,-1774000000,-2571000000,-2104000000,-2917000000,-1297000000,-1355000000,-2229000000,-1525000000,-3311000000,-6382000000,-8540555217,-12909857014,-23924307027,-24986071301,-8234134436,-8478450857,-9276545444,-8200067936,-2076328542,-1382752070,-2155841637,-3960512150,-6754854305,-10944639010,
Russia,Europe,https://www.countryflags.io/ru/flat/64.png,,,,,,,,,,,,,,,,,,,,,,,,,,,,,,,,,,,8941890000,7437910000,10102520000,-835240000,71060000,22855420000,45382380000,32053820000,27472950000,33128110000,58559840000,84388750000,92315570000,72193020000,1.03935E+11,50383640000,67452200000,97273940000,71282190000,33428200000,57512760000,67777180000,24468810000,32429590000,1.13455E+11,
Rwanda,Africa,https://www.countryflags.io/rw/flat/64.png,,,,,,,,,,,,,,,,,,,,,,,,,,,,,,,,,,,,,,,,,,,,,,,,,,,-426823050.3,-485637769.1,-733101822.2,-556662509.1,-945787377.3,-1267250631,-1352463577,-709463499.4,-746888299.5,
Saudi Arabia,Asia,https://www.countryflags.io/sa/flat/64.png,,,,,,,,,,,,971732954.1,2089388576,2519836944,23025352119,14384756711,14359773375,11991268250,-2212049887,10205792013,41503072338,39627396837,7575468455,-16852115359,-18400533704,-12931596759,-11785497470,-9760000000,-7330666667,-9525333333,-4146666667,-27509333333,-17716533333,-17244800000,-10472800000,-5318133333,679466666.7,305066666.7,-13132000000,410986666.7,14316800000,9353446133,11873093333,28047946667,51925973333,89990240000,98934039964,93329453236,1.32322E+11,20954610933,66750991975,1.58545E+11,1.64764E+11,1.35442E+11,73758204317,-56723789494,-23842752835,10464291863,70606423364,
Sudan,Africa,https://www.countryflags.io/sd/flat/64.png,,,,,,,,,,,,,,,,,,-88528552.74,-108870572.3,-256423663.6,-316009625.6,-644821055.8,-244093457.8,-213740925.8,36484265.65,153813162.9,-21132054.76,-229360848,-357976258.8,-149028290.1,-372245664.3,-954744588.2,-506160325.5,-202210000,-601700000,-499900000,-826750000,-828100000,-956500000,-431100000,-517700000,-521900000,-973560000,-938580000,-818230000,-2472730296,-6495850087,-3597152020,-3593872576,-4926572125,-1725368702,-2652932020,-6259061245,-5822074153,-3545466635,-5460760074,-4213356633,-4611258528,-4678501890,
Senegal,Africa,https://www.countryflags.io/sn/flat/64.png,,,,,,,,,,,,,,,-65599060.27,-85622470.56,-92469224.92,-66983580.25,-235241951.8,-263697777.4,-386076162.6,-461521840.1,-265606631.9,-304382939,-272429760.9,-359566697.9,-368778004.3,-429754031.6,-404580702.2,-347921982.5,-363286052.3,-371738503.1,-401296903.4,-432966814.4,-187462391.5,-244462355.6,-200745796.4,-184820388.2,-247457175.8,-320162868.1,-332350962.4,-245464594.6,-316833195.8,-436551539.8,-510429214,-675851243,-861213459,-1310793952,-1883742965,-853773199,-588902750,-1146681387,-1528091526,-1549428309,-1345004932,-944561273.5,-795108100.6,-1522499772,,
Singapore,Asia,https://www.countryflags.io/sg/flat/64.png,,,,,,,,,,,,,-494933333.5,-518848089.6,-1021393593,-584067811.1,-567417985.3,-295154546.3,-452501621.7,-735781595.8,-1562669054,-1469689141,-1296246540,-610491943.2,-384888854.2,-3636115.72,318726319.4,-108642835.1,1936916904,2963658661,3121873621,4880321843,5914853997,4211064860,11399762021,14486215716,14085124012,15589109014,18681506252,14844686295,10637117185,12959875204,13766983477,23730108772,22214276769,29728715646,39970902912,49113607686,29204144342,31827178902,54995996846,62068689196,52064046516,48311595940,56518685135,53023039296,55659876515,55404964064,65072129790,
Solomon Islands,Oceania,https://www.countryflags.io/sb/flat/64.png,,,,,,,,,,,,,,,,-12567638.33,1710898.833,5766138.72,3319375.423,10277559.68,-12171208.11,-26546650.12,-25023056.7,-13582244.66,1334678.335,-27823424.81,-2354292.277,-4282950.977,-27850917.56,-33228072.34,-27760385.43,-35841237.68,1297769.885,-7654341.643,-3433232.986,8338471.476,14580699.73,-37907509.09,8119362.239,21475187.62,-40971278.02,-64838646.1,-67575809.4,-39920222.7,-18921689.01,-90202048.69,-42178037.16,-80170915.75,-79595554.78,-59587899.78,-144155577.4,-18772240.16,26390506.68,-38546482.69,-49565109.16,-36072912.86,-48803486.05,-46423908.98,-50570781.92,
Sierra Leone,Africa,https://www.countryflags.io/sl/flat/64.png,,,,,,,,,,,,,,,,,,-49367784.22,-111743226.3,-178812591.7,-164872858.5,-131740874.6,-169874042.2,-17609647.71,-23025926.67,2804595.761,140743109.7,-30345791.05,-2840354.608,-59742055.87,-69406862.54,15336006.3,-5479717.191,-57768973.74,-89117881.84,-118067969.5,-150502996.3,-54872297.77,-33235803.12,-99311382.64,-112284399.8,-97874879.64,-73229457.02,-82819209.24,-99028904.53,-104937917.2,-95019083.35,-160133730.3,-225444486.2,-326984822.8,-585297486.3,-1913506344,-1210212504,-737095481.8,-472729593.3,-1003078053,-162822042.6,-526126283.7,-646120563.7,
El Salvador,Americas,https://www.countryflags.io/sv/flat/64.png,,,,,,,,,,,,,,,,,23640000,37360000,-278720000,32240000,33920000,-250520000,-120040000,-27800000,-53720000,-28680000,116855414.6,135800000,25800000,-194440000,-151744950.1,-167463617.5,-108960430.6,-81815491.89,-17986538.74,-261577269,-169046259.3,-97758743.75,-90691033.7,-239300000,-430500000,-150300000,-405150000,-702197959.6,-641875012.7,-621590000,-765560000,-1216560000,-1532170000,-312196471.7,-532815819.1,-1111764528,-1239801103,-1518420127,-1213582708,-753757240.4,-550121069,-464589787.3,-1241754700,
San Marino,Europe,https://www.countryflags.io/sm/flat/64.png,,,,,,,,,,,,,,,,,,,,,,,,,,,,,,,,,,,,,,,,,,,,,,,,,,,,,,,,,,,,
Somalia,Africa,https://www.countryflags.io/so/flat/64.png,,,,,,,,,,,,,,,,,,,,,,,,,,,,,,,,,,,,,,,,,,,,,,,,,,,,,,,,,,,,
Serbia,Europe,https://www.countryflags.io/rs/flat/64.png,,,,,,,,,,,,,,,,,,,,,,,,,,,,,,,,,,,,,,,,,,,,,,,,-7524009950,-10537199511,-2799441099,-2692243536,-5088222385,-4726567861,-2794170204,-2634686972,-1370173586,-1190023037,-2322731263,-2630427634,
South Sudan,Africa,https://www.countryflags.io/ss/flat/64.png,,,,,,,,,,,,,,,,,,,,,,,,,,,,,,,,,,,,,,,,,,,,,,,,,,,,,,,-790185244.8,-500190000,-215665300,281712000,-315550000,
Sao Tome and Principe,Africa,https://www.countryflags.io/st/flat/64.png,,,,,,,,,,,,,,,5755541.394,-143871.5708,-529064.2566,8096144.797,5670068.711,8699603.798,675842.8146,-18370047.88,-24944752.99,-8836618.554,-11012560.59,-15931167.73,-18839559.71,-12978864.19,-10772111.34,-11368207.44,-12040000,,,,,,,-6299690,-10481755.7,-17284633.39,-20080602.75,-26985121.78,-26594663.65,-28332843.6,-37041296.96,-36198730.36,-57659698.13,-64347011.9,-93506392.39,-78780635.06,-87575752.58,-105761604.5,-98870179.65,-81260661.02,-103936467.6,-68693728.21,-61493955.3,-73144971.77,-62185936.4,
Suriname,Americas,https://www.countryflags.io/sr/flat/64.png,,,,,,,,,,,,,,,,,,,,,,,,,,,,,,,,,,,,,,,,,,,,,,-143600000,220600000,324500000,324700000,111300000,650800000,431308196.2,162371256.4,-196005679.9,-416351372.9,-786434956.1,-160481931,60898295.08,-117982950.5,
Slovak Republic,Europe,https://www.countryflags.io/sk/flat/64.png,,,,,,,,,,,,,,,,,,,,,,,,,,,,,,,,,,-579688781,670588295.7,390042186.5,-2090418276,-1961267456,-2126446990,-1155087878,-694258356.3,-1742435399,-1954963121,-281938471.1,-4359155977,-5125148706,-5452492095,-4632972214,-6270398055,-3020735526,-4209659222,-4909247748,889408167.6,1797389174,1198842399,-1849289470,-2432487662,-1834437895,-2760395633,
Slovenia,Europe,https://www.countryflags.io/si/flat/64.png,,,,,,,,,,,,,,,,,,,,,,,,,,,,,,,,,978300000,191000000,574000000,-74900000,55300000,50500000,-118200000,-697100000,-547500000,31300000,243800000,-215700000,-892500000,-680500000,-695267589,-2014619535,-2946457397,-535417871.3,-357445846.9,-420011482.5,612039460.2,1593819071,2555789895,1645489390,2154725041,2987859083,3073243299,
Sweden,Europe,https://www.countryflags.io/se/flat/64.png,,,,,,,,,,,-253227686.3,364813610.4,585837022.6,1451714466,-529347832.3,-308065689.2,-1602305829,-2120382778,-190965360.2,-2348884120,-4331108818,-2777532566,-3285067819,-724851573.8,735902006.3,-1010297687,32367359.17,-21284436.82,-533965375,-3101175939,-6338855170,-4653082670,-8827494542,-4159269845,742624072.8,4940367414,5892259171,7405693192,9547496431,10777831816,11688841495,14965935661,12452537010,19571954143,22902294715,23583338995,34468824245,39927516580,40802935942,25918197361,29195824932,31438301866,30417334378,30298382929,26016749095,20663106792,19219323664,15162377476,9478630193,
Eswatini,Africa,https://www.countryflags.io/sz/flat/64.png,,,,,,,,,,,,,,,42532712.44,51520757.87,30359999.97,11614999.99,-70724999.94,-119236704.3,-129681079.8,-81246252.08,-113831458.6,-106992191,-77476949.27,-38350140.79,10761338.83,65568671.11,95097026.9,77058654.75,50747475.27,47187662.4,-40567820.93,-63683432.33,1844937.218,-29719733.62,-51962748.63,-2740691.202,-93335100.81,-32957910.12,-45863820.92,9000849.674,33206128.06,89400978.16,71299923.15,-102646146.9,-196624544.9,-65542455.5,-231236050.9,-414313253.9,-388309494.7,-281718554.5,239938759.3,487018321,512086156.6,533323971,297421435.2,307066559.2,90250293.83,
Sint Maarten (Dutch part),Americas,https://www.countryflags.io/sx/flat/64.png,,,,,,,,,,,,,,,,,,,,,,,,,,,,,,,,,,,,,,,,,,,,,,,,,,,,-4513407.821,92629050.28,4317877.095,-110798882.7,18217877.09,-26581005.59,47100558.66,63519553.07,
Seychelles,Africa,https://www.countryflags.io/sc/flat/64.png,,,,,,,,,,,,,,,,,-3895464.951,-1870899.231,-3984197.456,-12263832.17,-15622848.71,-18794075.4,-40641583.19,-26049494.51,-13288748.99,-19201241,-33294302.9,-21113186.35,-28411043.07,-39653842.68,-12977177.72,-8169437.21,-6903259.606,8626790.011,31385373.07,1415379.123,-52419089.27,-66095387.47,-106275300.4,-116763550.7,-42923172.66,-153059092.7,-101269125,-9361727.07,-60318300.96,-174069439.8,-133767345.7,-194008401.1,-262947119.4,-189461793.6,-214390209.2,-301284994.9,-161313271,-158609330.7,-310403746.2,-256181312.9,-285588981.7,-295050294.8,-269435409.6,
Syrian Arab Republic,Asia,https://www.countryflags.io/sy/flat/64.png,,,,,,,,,,,,,,,,,,-166750000,-63800000,895800000,250900000,-308000000,-249900000,-844000000,-794000000,-957500000,-504000000,-297900000,-150600000,1222400000,1762300000,698800000,55000000,-203000000,-791000000,263000000,40000000,461000000,58000000,201000000,1061000000,1221000000,1440000000,752000000,591500000,299000000,919800000,459575955.4,471951981,-1029525248,-367388473,,,,,,,,,
Turks and Caicos Islands,Americas,https://www.countryflags.io/tc/flat/64.png,,,,,,,,,,,,,,,,,,,,,,,,,,,,,,,,,,,,,,,,,,,,,,,,,,,,,,,,,,,,
Chad,Africa,https://www.countryflags.io/td/flat/64.png,,,,,,,,,,,,,,,,,,-28520876.5,-46437969.7,-1551323.097,12305970.61,23444814.07,18525147.68,37975045.35,9045880.67,-87240665.83,-59372291.47,-25531211.53,25506886.36,-51277370.91,-45617356.89,-65574430.91,-85688336.15,-116639705.9,-37744637.54,,,,,,,,,,,,,,,,,,,,,,,,,
Togo,Africa,https://www.countryflags.io/tg/flat/64.png,,,,,,,,,,,,,,,131775591.7,-75492422.41,-24569942.9,-87288453.92,-217370822.8,-212747509.3,-94997360.06,-44153887.55,-86836448.68,-43380932.53,26183374.45,-27422692.33,-56438541.18,-60535063.87,-87181988.54,-50838802.71,-84248867.33,-140779962.3,-138674488.2,-82436740.2,-56344984.55,-121963722.3,-153906022.8,-116905226.2,-140118232.6,-127120530,-139642293.7,-169130269.2,-139562835.6,-161924991.2,-206888402,-203894707.9,-176291348.2,-215761564.5,-221963833.1,-176669246.3,-199707675.3,-301707488.1,-294135857.7,-568256386.8,-457860059.5,-460839236.2,-436330228.3,-96404582.05,,
Thailand,Asia,https://www.countryflags.io/th/flat/64.png,,,,,,,,,,,,,,,,-606302400,-439752683.3,-1097445443,-1152723464,-2086720158,-2076322211,-2571149248,-1003125374,-2873463763,-2108581331,-1537321795,247028906.9,-366478856.3,-1654360232,-2497933327,-7281096403,-7571451944,-6303407264,-6354894272,-8058935440,-13581744650,-14691474457,-3021103817,14242468917,12427871817,9313150885,5100898194,4654204783,4771810541,2759369127,-7641770000,2314730000,15583700000,930870000,22189105412,11486104955,9426846325,-4899255872,-8833457142,11642907014,27752906127,43438000974,44070192755,32385567306,
Tajikistan,Asia,https://www.countryflags.io/tj/flat/64.png,,,,,,,,,,,,,,,,,,,,,,,,,,,,,,,,,,,,,,,,,,,-15133800,-4763700,-57042100,-296209464.4,-372411193.8,-1193828245,-1058781537,-717468862.4,-581078617,-413318277.2,-681397759.3,-884792160.9,-316454568.7,-477074550.8,-290826735.9,158969311,-378475052,
Turkmenistan,Asia,https://www.countryflags.io/tm/flat/64.png,,,,,,,,,,,,,,,,,,,,,,,,,,,,,,,,,,,,,,,,,,,,,,,,,,,,,,,,,,,,
Timor-Leste,Asia,https://www.countryflags.io/tl/flat/64.png,,,,,,,,,,,,,,,,,,,,,,,,,,,,,,,,,,,,,,,,,,,,,,,540953514.1,1177204113,2021746754,1284956002,1671379454,2346045689,2736015438,2390035781,1106158842,224817400,-533075100,-339080239.5,-191147184.9,
Tonga,Oceania,https://www.countryflags.io/to/flat/64.png,,,,,,,,,,,,-614880.0985,-1475102.278,-1239438.546,804644.1705,244681.9222,-2091070.437,-2050706.329,-716570.8558,-2404139.405,-3218776.719,-7469818.114,3390673.513,798991.2397,-257298.5873,-2087373.186,538242.2405,4879900.457,-11243742.56,-1880805.925,12776831.72,-1901108.307,-1768134.161,3271890.533,-18573310.2,,,,,,,-13150662.75,-6334978.962,-12822927.51,-7539129.753,-24332160.88,-23696552.56,-49242000.99,-62713603.65,-93845899.27,-87437001.18,-83871330.43,-69820546.14,-42800210.41,-27630995.78,-61210500.49,-27154289.08,-29588746.16,-28631789.59,
Trinidad and Tobago,Americas,https://www.countryflags.io/tt/flat/64.png,,,,,,,,,,,,,,,,340308239.6,260901363,182833333.4,54416666.69,-19166666.67,356958333.5,414625000.2,-599458333.6,-946583333.7,-466666666.7,-47877551.02,-411944444.4,-224972222.2,-88559349.59,-38541176.47,458988235.3,-4658823.529,138894117.6,113098311.9,217808511.1,293823132,105144559.2,-613611224.9,-643522089.1,30600000,544300028.8,416000022.2,76400000,984700000,1792858665,3881346810,7124822194,5166460781,8499028923,1632776047,4172327322,4262788550,3460309696,5252855423,3819692615,1744147067,-979514087.2,1236128032,1190671717,
Tunisia,Africa,https://www.countryflags.io/tn/flat/64.png,,,,,,,,,,,,,,,,,-396478340.4,-566499593.3,-458946147,-300150691.1,-353126383.5,-453621122.7,-661940536.5,-570151746.6,-764642780.9,-581189241.1,-604511799,-54304376.03,209838104.1,-218050623.9,-463377609.1,-469381593.4,-1103531451,-1323049589,-536797749.3,-773988897.7,-477702916.7,-594986022,-675316691.9,-441737444.4,-821488065.6,-840473687.4,-746061146,-730485399.2,-441762124,-299283200.2,-619372288.3,-916917594,-1711248030,-1233748681,-2104443202,-3385748280,-3721384859,-3878661667,-4340583445,-3849716434,-3694262969,-4079729688,-4428708158,
Turkey,Asia,https://www.countryflags.io/tr/flat/64.png,,,,,,,,,,,,,,,-561000000,-1648000000,-2029000000,-3140000000,-1265000000,-1413000000,-3408000000,-1936000000,-952000000,-1923000000,-1439000000,-1013000000,-1465000000,-806000000,1596000000,938000000,-2625000000,250000000,-974000000,-6433000000,2631000000,-2338000000,-2437000000,-2638000000,2000000000,-925000000,-9920000000,3760000000,-626000000,-7554000000,-14198000000,-20980000000,-31168000000,-36949000000,-39425000000,-11358000000,-44616000000,-74402000000,-47963000000,-63642000000,-43610000000,-32145000000,-33139000000,-47347000000,-27032000000,
Tuvalu,Oceania,https://www.countryflags.io/tv/flat/64.png,,,,,,,,,,,,,,,,,,,,,,,,,,,,,,,,,,,,,,,,,,-7807706.527,24993.03862,-6289347.946,-7060867.306,-4277782.775,6549253.461,-4364217.463,-3708563.571,-16906760.38,-14013751.3,-23862227.54,6428378.359,6808264.641,,,,,,
Tanzania,Africa,https://www.countryflags.io/tz/flat/64.png,,,,,,,,,,,,,,,,,-27030488.94,-64909550.92,-466040112.6,-345225913.3,-521165461.6,-406553191.6,-523280048,-304608020.3,-358959582.4,-375096159.1,-321068673.4,-407364236.8,-356538763.1,-335080581.8,-558926906,-737469908.4,-714233210,-894801998.4,-637388776.7,-589760896.4,-412770054,-436213043.5,-704367269.9,-777101669,-428301944.4,-563686382.7,-45782682.63,-174205033.4,-483381776.3,-1092558910,-1102054172,-1714736151,-2577086335,-1809914738,-2210780020,-4380951348,-3764335915,-4987954732,-5061997449,-3977720779,-2664707869,-1813890231,-1890298124,
Uganda,Africa,https://www.countryflags.io/ug/flat/64.png,,,,,,,,,,,,,,,,,,,,,-82669699.3,25401432.59,-69896624.46,-72237297.72,103543713.1,4597852.9,-43267054.18,-112010297,-195210146.7,-259520589.1,-263300000,-169770000,-99600000,-171130000,-174200000,-281490000,-211500000,-315730000,-363690000,-293200000,-358800000,-305583689.2,-151999890.3,-38435956.36,-1675020.251,49224086.17,-306424663.7,-551656832.2,-1223839164,-1048042886,-1609773704,-2087253428,-1655592193,-1843069690,-2165987727,-1671266704,-830823841,-1491182717,-2564699081,
Ukraine,Europe,https://www.countryflags.io/ua/flat/64.png,,,,,,,,,,,,,,,,,,,,,,,,,,,,,,,,,,,-1163000000,-1152000000,-1184000000,-1335000000,-1296000000,1658000000,1342000000,1324000000,3180000000,2901000000,6911000000,2534000000,-1619000000,-5251000000,-12781000000,-1736000000,-3016000000,-10233000000,-14335000000,-16518000000,-4596000000,1616000000,-1340000000,-2442000000,-4367000000,
Uruguay,Americas,https://www.countryflags.io/uy/flat/64.png,,,,,,,,,,,,,,,,,,,-127000000,-357100000,-709100000,-461400000,-234600000,-62600000,-129100000,-98000000,41860000,-140730000,22140000,133470000,185890000,42430000,-8780000,-243790000,-438300000,-212500000,-233400000,-287400000,-475500000,-507600000,-566322609.2,-497628346.3,381948864.7,-87260665.36,3124735.733,42278058.64,-391880827.9,-220452116.7,-1728989727,-381285464.9,-730841067.9,-1314605653,-2068932302,-2086625023,-1814171289,-491077817.9,-69065692.56,419023280.2,75715248.89,
USA,Americas,https://www.countryflags.io/us/flat/64.png,,,,,,,,,,,2620000000,-980000000,-5260000000,7580000000,1700000000,17880000000,3840000000,-15100000000,-15747000000,-156700000,2127000000,4810000000,-11607000000,-44222000000,-99008000000,-1.24455E+11,-1.47174E+11,-1.60647E+11,-1.21258E+11,-99506000000,-78952000000,2851000000,-51605050000,-84782800000,-1.21642E+11,-1.13561E+11,-1.24727E+11,-1.40725E+11,-2.15037E+11,-2.88366E+11,-4.0346E+11,-3.89693E+11,-4.50802E+11,-5.18747E+11,-6.3159E+11,-7.45246E+11,-8.05962E+11,-7.11033E+11,-6.81391E+11,-3.72522E+11,-4.31271E+11,-4.45667E+11,-4.2683E+11,-3.48803E+11,-3.65193E+11,-4.07769E+11,-4.2835E+11,-4.39642E+11,-4.90991E+11,
Uzbekistan,Asia,https://www.countryflags.io/uz/flat/64.png,,,,,,,,,,,,,,,,,,,,,,,,,,,,,,,,,,,,,,,,,,,,,,,,,,,,,,,,,295193523.7,1479906499,-3593899662,
St. Vincent and the Grenadines,Americas,https://www.countryflags.io/vc/flat/64.png,,,,,,,,,,,,,,,,,,,2700000,-3600000,-9300000,-800000,-10809629.63,-2600000,-1000000,3700000,-10196296.3,-20237037.04,-16788888.89,-29662962.96,-23555555.56,-45688888.89,-24166666.67,-43874074.07,-56537037.04,-40200000,-32944444.44,-80585185.19,-92288888.89,-67837037.04,-23911111.11,-37388148.15,-41966955.56,-79475111.85,-103152103,-102198081.9,-119390337.4,-191745646.7,-230329511.9,-197326470.4,-208313126.7,-198878757,-192876717.8,-210276775.2,-191485001.1,-115814287.2,-101039612.1,-95217203.36,-99139008.49,
"Venezuela, RB",Americas,https://www.countryflags.io/ve/flat/64.png,,,,,,,,,,,-104000000,-11000000,-101000000,877000000,5760000000,2171000000,254000000,-3179000000,-5735000000,350000000,4728000000,4000000000,-4246000000,4427000000,4651000000,3327000000,-2245000000,-1390000000,-5809000000,2161000000,8279000000,1736000000,-3749000000,-1993000000,2541000000,2014000000,8914000000,3732000000,-4432000000,2112000000,11853000000,1983000000,7599000000,11796000000,15519000000,25447000000,26462000000,13464000000,31297000000,429000000,5585000000,16342000000,2586000000,4604000000,4919000000,-16051000000,-3870000000,,,
British Virgin Islands,Americas,https://www.countryflags.io/vg/flat/64.png,,,,,,,,,,,,,,,,,,,,,,,,,,,,,,,,,,,,,,,,,,,,,,,,,,,,,,,,,,,,
Virgin Islands (U.S.),Americas,https://www.countryflags.io/vi/flat/64.png,,,,,,,,,,,,,,,,,,,,,,,,,,,,,,,,,,,,,,,,,,,,,,,,,,,,,,,,,,,,
Vietnam,Asia,https://www.countryflags.io/vn/flat/64.png,,,,,,,,,,,,,,,,,,,,,,,,,,,,,,,,,,,,,-2020000000,-1528000000,-1074000000,1177000000,1106000000,682000000,-604000000,-1931000000,-957000000,-560189000,-163741800,-6953100000,-10823000000,-6608000000,-4276000000,236000000,9429000000,7745000000,9359000000,-2041000000,625000000,-1649000000,5899353000,
Vanuatu,Oceania,https://www.countryflags.io/vu/flat/64.png,,,,,,,,,,,,,,,,,,,,,,,-7327911.026,-8292436.226,6732997.162,-10365393.05,-11699177.48,-10330328.84,-9832968.414,-12246234.65,-6181873.913,-10260850.67,-9665534.165,-11678640.99,-18515616.28,-18247846.5,-26939573.82,-19341660.93,5757525.699,-13075739.37,4994539.504,1818844.462,-17057093.24,-22153326.7,-22439202.45,-34047560.08,-30132346.11,-34414598.22,-141579314.1,10280152.56,-42177782.35,-60956769.37,-68614470.72,-5153066.319,67026327,-3866520.611,7671989.782,-56336244.2,85386780.27,
Samoa,Oceania,https://www.countryflags.io/ws/flat/64.png,,,,,,,,,,,,,,,,,,-9731864.873,-18103226.44,-22041779.75,-12911904.64,-13093701.21,-6038104.669,4802693.124,655101.852,1928495.714,11159516.23,11198312.08,10228621.88,14879800.9,8619601.114,-25558188.53,-52495463.87,-37681955.64,5763229.112,9331269.152,12277772.94,9127240.215,20090329.59,-18790953.79,,,,,-26156787.82,-47534045.75,-76679877.8,-45756167.32,-54246320.58,-11204735.28,-43661800.76,-83598646.53,-7705067.641,-44729930.08,-46461253.3,-12709700.52,-38432534.19,-10612907.32,20469711.52,
"Yemen, Rep.",Asia,https://www.countryflags.io/ye/flat/64.png,,,,,,,,,,,,,,,,,,,,,,,,,,,,,,,,,,,,,,,,,,,,,,624145917.4,205720000,-1508330000,-1251290000,-2527417759,-1054136270,-527366573.9,-334617315.7,-1530489957,-1488253311,-3026024546,-2418960821,,,
South Africa,Africa,https://www.countryflags.io/za/flat/64.png,48999980.42,270199892,429799828.3,194599922.2,-160999935.7,-516599793.6,-146999941.3,-375199850.1,-19599992.17,-480199808.1,-1289399485,-1488132778,-192051957,-258394951.5,-1437709300,-2397131176,-1912449998,239199999.8,1099399999,2965045476,3161391216,-4978365549,-3525807428,-323223988,-1951775969,2261355819,2765954425,5104704864,2533618989,1497993502,1551571061,1399119919,1980166934,2803148534,29620519.26,-2493247873,-1678190242,-2227357021,-2199125545,-675246561.7,-190556634.8,342639131.1,1009383967,-1541574879,-6413747384,-8015417923,-12075594634,-16171239012,-16410851138,-7906818944,-5492240011,-9318829767,-20314943543,-21280021810,-17824025801,-14567849818,-8353383341,-8912928944,-13384035621,
Zambia,Africa,https://www.countryflags.io/zm/flat/64.png,,,,,,,,,,,,,,,,,,,-280600000,78000000,-516300000,-720600000,-560600000,-263000000,-146600000,-395300000,-347600000,-245200000,-293200000,-218600000,-594400000,-305700000,,,,,,-182000000,-570400000,-386400000,-662446600,-737031600,-663224352,-663221347,-444734000,-232041263.5,592523573.8,-174028007.3,-596535306,912561851,1525082952,1092799717,1371805759,-161482093,-387327907.9,-767651771,-953961606.2,-1006367560,-342297144.8,
Zimbabwe,Africa,https://www.countryflags.io/zw/flat/64.png,,,,,,,,,,,,,,,,,,1112764.776,53939988.62,-56429334.71,-149235109.5,-545446146.2,-631423993.8,-397421913,-42838069.61,-64089005.19,16756953.97,57918278.25,125128995.9,16912627.77,-139680033.4,-456421246.5,-602990568.4,-115627222.9,-424427789,,,,,,,,,,,,,,,-940911383.9,-1443703079,-2431843954,-1835948579,-2525719286,-2405181923,-1678451261,-717965218.4,-307810928.1,,